ResponseId,Group,Correct,Regret,Female,Age,Educ,Income,Ideology,PID,PID0,PID1,PID2,PID3,Knowledge,Voted,VotedAnaya,VotedObrador,NewVote,ExtEffi,IntEffi,Trust_Media,Satisficer,M1,M2,M3,M,W
R_CgFasVg3RJDCWl3,Treat2,4,0,1,43,3,3,6,PAN-PRD-MC,0,1,0,0,0,1,0,1,0,4,4,4,0,0,1,0,1,4.95065380116959
R_1DTQsJwJMLJuB41,Treat2,3,0,1,29,5,9,9,Etc,1,0,0,0,3,1,0,0,0,3,4,3,0,0,0,0,0,6.530403045685278
R_1ojzesbpcNiG9wa,Control,4,0,0,30,5,10,8,MORENA-PT-PES,0,0,0,1,2,1,0,1,0,4,4,1,0,0,0,1,1,4.16821308411215
R_2uKyecu2HeivHHq,Treat1,4,0,1,20,7,17,8,PAN-PRD-MC,0,1,0,0,1,1,0,1,0,2,4,3,0,1,0,0,1,6.530403045685278
R_tVEg2Wzv23VYCel,Treat1,4,0,1,22,5,6,5,MORENA-PT-PES,0,0,0,1,0,1,0,1,0,3,3,3,0,0,0,0,0,6.530403045685278
R_3gYlNXOaLdbQM30,Treat1,4,0,0,30,6,12,5,Etc,1,0,0,0,2,1,0,0,0,4,4,2,0,0,0,0,0,4.16821308411215
R_3nTWe4KbpMVYYnj,Control,5,1,1,34,5,20,3,MORENA-PT-PES,0,0,0,1,1,1,0,1,2,4,5,5,0,0,0,1,1,4.367588288288288
R_1nW8nSCM0fzIWnv,Control,4,0,0,22,5,3,6,MORENA-PT-PES,0,0,0,1,2,1,0,1,0,4,5,3,0,0,0,1,1,6.549394949494949
R_9mlRqmDjGu65QcN,Treat1,5,1,1,35,5,19,10,MORENA-PT-PES,0,0,0,1,3,1,0,1,1,5,5,5,0,1,0,0,1,4.367588288288288
R_2VHG9PF34OE8onf,Treat1,3,1,1,42,5,10,5,Etc,1,0,0,0,1,0,0,0,3,4,4,3,0,0,0,0,0,4.95065380116959
R_2wiOhtCpHxa75Os,Treat2,5,0,0,38,5,15,5,Etc,1,0,0,0,1,1,0,1,0,4,4,4,0,0,0,0,0,4.16821308411215
R_1juHXvWtMhmvoZM,Treat2,4,1,0,34,6,16,0,MORENA-PT-PES,0,0,0,1,2,1,0,1,2,5,5,4,0,0,1,0,1,4.16821308411215
R_2yabN5jvlxMtVi5,Treat2,5,0,0,52,2,7,0,MORENA-PT-PES,0,0,0,1,3,1,0,1,0,5,5,4,0,0,0,0,0,4.510031297709924
R_1M4rYCbbqQhq921,Control,5,0,0,38,4,2,5,MORENA-PT-PES,0,0,0,1,3,1,0,1,0,5,5,4,0,0,0,1,1,4.16821308411215
R_1EYGuAmx5yzVXmv,Treat1,5,1,0,29,4,3,10,Etc,1,0,0,0,2,1,0,0,4,5,4,4,0,0,0,0,0,6.549394949494949
R_2SjoREfrEYkErdN,Treat1,5,0,1,31,5,19,5,PRI-PVEM-PNA,0,0,1,0,2,1,0,0,0,3,2,2,0,0,0,0,0,4.367588288288288
R_1E55dlIZjlcRLuI,Treat2,3,0,0,37,6,20,5,Etc,1,0,0,0,2,0,0,0,0,3,4,2,0,0,1,0,1,4.16821308411215
R_2RUm4NnBiZh69YO,Control,5,0,1,41,5,5,5,Etc,1,0,0,0,1,1,0,0,0,4,2,1,0,0,0,1,1,4.95065380116959
R_30jHbZGUjw1i1Ih,Control,5,0,1,20,6,4,10,MORENA-PT-PES,0,0,0,1,0,1,0,1,0,4,5,4,0,0,0,1,1,6.530403045685278
R_6x7xVOVbMIsa1ZD,Control,5,0,0,34,5,6,4,MORENA-PT-PES,0,0,0,1,1,1,0,1,0,5,5,5,0,0,0,1,1,4.16821308411215
R_2TGysY9coZnYOje,Treat2,5,0,1,37,5,5,9,PRI-PVEM-PNA,0,0,1,0,2,1,0,1,0,4,5,1,0,0,0,0,0,4.367588288288288
R_3qaIy3OqdD6V7Ao,Control,5,0,0,26,5,8,5,Etc,1,0,0,0,1,1,0,1,0,5,4,1,0,0,0,1,1,6.549394949494949
R_30deuBuJsFKPLzv,Treat2,4,0,1,33,5,18,2,MORENA-PT-PES,0,0,0,1,2,1,0,1,0,4,5,3,0,0,1,0,1,4.367588288288288
R_1rwabNNgyyGxfwg,Control,4,0,0,65,2,1,8,PAN-PRD-MC,0,1,0,0,0,1,0,1,0,4,4,5,0,0,0,1,1,4.742160256410257
R_1pVSIOiawbOyjCw,Treat1,5,0,0,30,5,7,8,MORENA-PT-PES,0,0,0,1,1,1,0,1,0,4,4,1,0,0,0,0,0,4.16821308411215
R_3Offexpiu9nkFgf,Control,5,0,0,24,3,4,7,Etc,1,0,0,0,0,1,0,1,0,4,5,2,0,0,0,1,1,6.549394949494949
R_3PgykayufFXCxmu,Treat2,5,0,1,34,5,8,9,MORENA-PT-PES,0,0,0,1,0,1,0,1,0,5,5,5,0,0,1,0,1,4.367588288288288
R_RDBIAt8QZgYp6p3,Treat1,4,0,0,38,3,8,5,Etc,1,0,0,0,2,1,0,1,0,4,4,3,0,0,0,0,0,4.16821308411215
R_byMhGpJF49kDy5X,Treat2,5,0,0,48,3,6,6,Etc,1,0,0,0,2,1,0,1,0,3,5,3,0,0,0,0,0,4.225684916201117
R_1K8frpoo4uRvjr3,Treat1,5,0,0,22,5,4,7,MORENA-PT-PES,0,0,0,1,1,1,0,1,0,5,5,1,0,0,0,0,0,6.549394949494949
R_1Q9fP2RHaiPB9io,Treat1,5,0,0,33,5,15,9,PRI-PVEM-PNA,0,0,1,0,2,1,0,0,0,4,4,5,0,1,0,0,1,4.16821308411215
R_2uJnMoafNCr1tfK,Treat2,5,0,1,40,5,10,5,Etc,1,0,0,0,0,1,0,0,0,3,3,3,0,0,1,0,1,4.95065380116959
R_1IXZJWwUZaNR0iN,Control,4,0,1,20,3,9,6,MORENA-PT-PES,0,0,0,1,1,1,0,1,0,4,5,3,0,0,0,1,1,6.530403045685278
R_33EkW7WBvQoyoP2,Treat2,5,0,1,21,3,3,5,Etc,1,0,0,0,0,1,0,1,0,4,4,3,0,0,1,0,1,6.530403045685278
R_3kAiUvAJwQkaJxW,Control,4,0,0,46,6,14,0,PAN-PRD-MC,0,1,0,0,0,1,0,1,0,4,4,3,0,0,0,1,1,4.225684916201117
R_0qz4DZYHnUIJEtz,Control,3,0,1,32,5,6,7,MORENA-PT-PES,0,0,0,1,2,1,0,1,0,4,4,4,0,0,0,1,1,4.367588288288288
R_3hEhyM1xyTA5iMD,Control,4,1,1,22,5,13,5,MORENA-PT-PES,0,0,0,1,3,1,0,1,4,4,5,4,0,0,0,1,1,6.530403045685278
R_3iJAWoKT4SmUt3R,Treat1,5,0,0,30,5,16,9,Etc,1,0,0,0,0,1,0,1,0,5,5,4,0,0,0,0,0,4.16821308411215
R_3erWUb8Zidd7hGx,Treat1,5,1,0,31,6,20,3,PAN-PRD-MC,0,1,0,0,3,1,0,0,1,5,5,2,0,1,0,0,1,4.16821308411215
R_2uqTfPcr9bDb6xB,Treat2,5,1,0,26,5,4,9,Etc,1,0,0,0,0,1,0,1,2,5,5,4,0,0,1,0,1,6.549394949494949
R_2TAlJgMze28vCrM,Treat1,5,0,1,33,3,16,5,MORENA-PT-PES,0,0,0,1,2,1,0,1,0,5,5,5,0,0,0,0,0,4.367588288288288
R_2pQVa8qhhI27HEu,Treat1,5,0,0,20,5,9,8,Etc,1,0,0,0,2,0,0,0,0,2,1,2,0,1,0,0,1,6.549394949494949
R_2tcfPqTPip6Tndc,Control,5,0,1,21,5,5,5,Etc,1,0,0,0,0,1,0,0,0,4,4,4,0,0,0,1,1,6.530403045685278
R_2v0KNOlDyKy7XyV,Treat1,5,0,1,39,5,9,5,MORENA-PT-PES,0,0,0,1,2,1,0,1,0,4,4,3,0,0,0,0,0,4.367588288288288
R_1JDVGmji5k5q6f3,Treat2,4,0,0,39,5,8,6,Etc,1,0,0,0,2,1,0,1,0,5,5,2,0,0,1,0,1,4.16821308411215
R_3fN0hhbVw9SIqXs,Control,4,1,1,41,5,5,5,MORENA-PT-PES,0,0,0,1,2,1,0,0,3,5,5,3,0,0,0,1,1,4.95065380116959
R_3CJbvLN3GWUBdKh,Treat2,2,0,0,40,5,14,9,Etc,1,0,0,0,1,1,0,1,0,1,4,2,0,0,0,0,0,4.225684916201117
R_1It4P4TlM96uU7U,Treat2,5,0,0,52,5,5,8,PAN-PRD-MC,0,1,0,0,1,1,0,0,0,5,5,5,0,0,0,0,0,4.510031297709924
R_yUs7A1hHuVLfdZf,Treat2,5,0,1,44,4,5,6,MORENA-PT-PES,0,0,0,1,0,1,0,1,0,5,5,2,0,0,0,0,0,4.95065380116959
R_1nOsCwyIDCnxL5v,Treat1,3,1,0,32,5,8,5,MORENA-PT-PES,0,0,0,1,0,0,0,0,3,4,4,1,0,0,0,0,0,4.16821308411215
R_2fDUCpk7AQHFXDu,Treat1,4,0,1,39,5,12,5,Etc,1,0,0,0,2,1,0,1,0,4,5,4,0,0,0,0,0,4.367588288288288
R_2wukR02h7CyO38P,Treat2,4,1,0,47,3,2,7,PAN-PRD-MC,0,1,0,0,3,1,0,1,2,1,1,4,0,0,0,0,0,4.225684916201117
R_pPBcekUToH4mztv,Control,4,0,0,49,5,7,6,PAN-PRD-MC,0,1,0,0,2,1,0,1,0,4,5,4,0,0,0,1,1,4.225684916201117
R_1Cx9JHpldFSv8Ss,Treat1,5,0,1,43,4,2,5,Etc,1,0,0,0,0,1,0,0,0,4,4,3,0,1,0,0,1,4.95065380116959
R_3q7ijm8RvLTB2QN,Control,5,0,0,51,4,11,5,Etc,1,0,0,0,0,1,0,1,0,1,5,4,0,0,0,1,1,4.510031297709924
R_3KLl1g8okPZjlSx,Treat2,2,1,1,40,5,9,5,Etc,1,0,0,0,3,0,0,0,2,4,4,4,0,0,0,0,0,4.95065380116959
R_2WItBq6Yi6rk61O,Treat1,4,0,0,44,5,7,2,MORENA-PT-PES,0,0,0,1,2,1,0,1,0,3,5,2,0,0,0,0,0,4.225684916201117
R_PCKH7e2ec1z5m8N,Treat2,5,0,1,65,2,5,10,MORENA-PT-PES,0,0,0,1,2,1,0,1,0,5,5,4,0,0,1,0,1,10.998292105263156
R_3iJ4CSwqD6xeKFX,Treat1,4,1,0,20,4,1,7,PAN-PRD-MC,0,1,0,0,1,1,0,0,1,2,2,2,0,1,0,0,1,6.549394949494949
R_21zx4HCIdCpAIIo,Treat1,5,1,0,53,5,18,10,PRI-PVEM-PNA,0,0,1,0,2,1,0,0,1,5,5,1,0,0,0,0,0,4.510031297709924
R_sRwwYadGnjMA34t,Treat1,5,0,1,55,5,17,5,MORENA-PT-PES,0,0,0,1,2,1,0,1,0,5,4,4,0,0,0,0,0,6.300476699029127
R_3lRG8rWjX4CaAmw,Treat2,5,0,0,45,5,18,9,PRI-PVEM-PNA,0,0,1,0,0,0,0,0,0,5,1,2,0,0,0,0,0,4.225684916201117
R_1MSutdrZL7GAKZ2,Treat1,3,0,1,50,5,9,5,Etc,1,0,0,0,1,1,0,1,0,4,4,1,0,0,0,0,0,6.300476699029127
R_2xE5LuKOr1HvDbS,Treat2,5,0,1,55,3,8,0,MORENA-PT-PES,0,0,0,1,2,1,0,1,0,5,5,2,0,0,1,0,1,6.300476699029127
R_1E0VTkFnclXd81Z,Control,5,0,0,58,5,11,5,MORENA-PT-PES,0,0,0,1,3,1,0,1,0,5,5,1,0,0,0,1,1,4.510031297709924
R_2dgSXUMmgMTz294,Treat2,4,0,1,50,5,4,6,MORENA-PT-PES,0,0,0,1,2,1,0,1,0,4,5,5,0,0,1,0,1,6.300476699029127
R_2S7YmABFvoxpISc,Treat1,1,1,1,29,5,10,8,Etc,1,0,0,0,1,1,0,0,3,4,2,2,0,1,0,0,1,6.530403045685278
R_1DA6ViPpQfkWD6e,Treat1,5,0,0,51,5,12,4,Etc,1,0,0,0,2,1,0,1,0,4,4,2,0,0,0,0,0,4.510031297709924
R_2CxpUkC4IBPG3mz,Control,5,0,0,53,6,20,5,PAN-PRD-MC,0,1,0,0,3,1,0,0,0,5,5,4,0,0,0,1,1,4.510031297709924
R_27we6TvNg8VSYWS,Treat1,4,0,0,54,3,8,3,MORENA-PT-PES,0,0,0,1,3,1,0,1,0,5,5,2,0,1,0,0,1,4.510031297709924
R_3maw8Y2IEG52syM,Treat1,3,0,0,47,5,9,3,Etc,1,0,0,0,2,1,0,1,0,3,4,2,0,0,0,0,0,4.225684916201117
R_1E7g3NeEZkZ7CgJ,Treat1,5,0,1,54,4,2,5,Etc,1,0,0,0,2,1,0,0,0,5,5,4,0,1,0,0,1,6.300476699029127
R_5pWU165zTOVnRzX,Treat2,5,0,1,51,5,13,6,Etc,1,0,0,0,2,1,0,1,0,3,4,2,0,0,0,0,0,6.300476699029127
R_2e3jTtNiPsfAJ3s,Treat2,5,0,0,40,3,3,10,PRI-PVEM-PNA,0,0,1,0,1,1,0,0,0,5,5,2,0,0,0,0,0,4.225684916201117
R_27szfxPVTGldaZm,Control,3,1,1,62,6,19,6,Etc,1,0,0,0,3,0,0,0,2,3,4,2,0,0,0,1,1,10.998292105263156
R_CaGp6lqzhKN60TL,Control,1,1,0,63,6,5,7,PAN-PRD-MC,0,1,0,0,3,1,0,1,1,5,5,4,0,0,0,1,1,4.742160256410257
R_1kZvK7XAme32raI,Treat2,1,1,0,72,6,20,7,PAN-PRD-MC,0,1,0,0,2,0,0,0,1,5,5,2,0,0,1,0,1,10.282038888888888
R_1OHasi2pZOqHdwV,Treat1,5,0,0,69,6,20,3,MORENA-PT-PES,0,0,0,1,1,1,0,1,0,5,5,4,0,0,0,0,0,4.742160256410257
R_1ltqjewdxsMDfOO,Treat1,5,0,0,70,6,20,3,MORENA-PT-PES,0,0,0,1,2,1,0,1,0,5,5,3,0,0,0,0,0,10.282038888888888
R_2z8soJByc7XS9Ld,Treat2,3,1,1,62,4,15,8,PAN-PRD-MC,0,1,0,0,0,1,0,0,4,5,1,4,0,0,1,0,1,10.998292105263156
R_2b2EAWjI6Jc70f3,Treat2,5,0,0,56,6,18,3,PAN-PRD-MC,0,1,0,0,0,1,0,1,0,5,5,3,0,0,0,0,0,4.510031297709924
R_2OIokdcr14JNOew,Control,3,1,0,24,7,19,6,PRI-PVEM-PNA,0,0,1,0,1,0,0,0,1,2,4,3,0,0,0,1,1,6.549394949494949
R_27yalPz7cY8uaii,Treat2,3,0,0,40,3,7,5,MORENA-PT-PES,0,0,0,1,1,1,0,1,0,4,4,4,0,0,0,0,0,4.225684916201117
R_3oRrTYDDMURKsqY,Treat2,5,0,1,32,5,6,5,Etc,1,0,0,0,2,1,0,1,0,4,4,3,0,0,0,0,0,4.367588288288288
R_2XhQh30zkEr5SmQ,Treat2,5,0,1,34,5,10,1,MORENA-PT-PES,0,0,0,1,1,1,0,1,0,5,4,1,0,0,1,0,1,4.367588288288288
R_2UYq1IVrBsqWf9V,Control,5,0,0,24,4,10,8,PAN-PRD-MC,0,1,0,0,0,1,0,0,0,5,5,4,0,0,0,1,1,6.549394949494949
R_x33tMQRFfyWjl05,Control,5,0,0,35,5,15,10,MORENA-PT-PES,0,0,0,1,2,1,0,1,0,5,5,5,0,0,0,1,1,4.16821308411215
R_DNbE5A9A7TXFIL7,Treat1,3,0,0,39,5,9,5,Etc,1,0,0,0,3,1,0,0,0,4,5,4,0,0,0,0,0,4.16821308411215
R_1hW6zlFCZh7aqYM,Treat2,5,0,0,27,5,9,5,PRI-PVEM-PNA,0,0,1,0,2,1,0,0,0,4,3,3,0,0,1,0,1,6.549394949494949
R_28M6T1RWzVg3A0m,Treat1,1,1,0,30,5,8,5,MORENA-PT-PES,0,0,0,1,2,1,0,1,4,3,3,1,0,0,0,0,0,4.16821308411215
R_1JCjQ91UEHk4Whm,Treat2,4,0,1,48,5,20,1,Etc,1,0,0,0,3,1,0,1,0,4,4,2,0,0,1,0,1,4.95065380116959
R_BAqbVmhlHveRdiV,Treat1,4,0,0,42,6,16,4,Etc,1,0,0,0,2,1,0,1,0,4,5,4,0,1,0,0,1,4.225684916201117
R_11jamsmvDWhVUeL,Treat1,4,0,1,22,5,12,4,Etc,1,0,0,0,2,1,0,0,0,3,5,4,0,1,0,0,1,6.530403045685278
R_1HkJYJPki5ORtPh,Treat2,5,0,1,63,4,12,10,Etc,1,0,0,0,1,1,0,0,0,4,4,2,0,0,0,0,0,10.998292105263156
R_2DMFMmOiuyCjHJ0,Control,5,0,1,27,7,20,5,MORENA-PT-PES,0,0,0,1,3,1,0,1,0,5,5,2,0,0,0,1,1,6.530403045685278
R_1FkxX8CJtPLCytt,Treat1,5,0,0,47,4,7,4,MORENA-PT-PES,0,0,0,1,1,1,0,1,0,4,4,3,0,1,0,0,1,4.225684916201117
R_11bB8VUbCoOsB68,Treat2,4,0,0,35,3,4,3,MORENA-PT-PES,0,0,0,1,1,1,0,1,0,4,4,4,0,0,0,0,0,4.16821308411215
R_24hOdTrtpSMnCUp,Treat1,4,0,1,40,4,4,5,Etc,1,0,0,0,2,1,0,1,0,4,2,4,0,0,0,0,0,4.95065380116959
R_2ceEdMhY5P133Fq,Treat1,5,0,0,23,6,17,8,MORENA-PT-PES,0,0,0,1,2,1,0,1,0,4,5,4,0,0,0,0,0,6.549394949494949
R_xhgfKewhtQpp6lH,Treat1,4,0,0,40,5,10,2,MORENA-PT-PES,0,0,0,1,2,1,0,1,0,4,4,3,0,1,0,0,1,4.225684916201117
R_1JJ882wCQSvDLou,Treat2,4,1,0,36,6,20,6,PAN-PRD-MC,0,1,0,0,2,1,0,1,1,5,5,5,0,0,1,0,1,4.16821308411215
R_1BWWpw9sTq4ONtI,Control,4,1,0,19,4,4,5,Etc,1,0,0,0,0,0,0,0,3,4,4,4,0,0,0,1,1,6.549394949494949
R_O1dlLzRjRhRQUxP,Treat1,5,0,0,29,4,5,8,PAN-PRD-MC,0,1,0,0,0,1,0,1,0,2,2,1,0,0,0,0,0,6.549394949494949
R_3OkXdkjeDLo3FIe,Control,3,0,1,34,5,14,5,Etc,1,0,0,0,0,1,0,1,0,4,4,2,0,0,0,1,1,4.367588288288288
R_2OVKIjwG7Yqo8rH,Treat2,5,0,0,46,3,1,5,PAN-PRD-MC,0,1,0,0,0,1,0,1,0,4,4,4,0,0,0,0,0,4.225684916201117
R_w0QcIEwueNYzf0t,Control,5,0,1,32,5,5,8,Etc,1,0,0,0,3,1,0,1,0,3,3,3,0,0,0,1,1,4.367588288288288
R_3dSsP6v9jzGzYH1,Control,5,0,1,27,5,20,8,Etc,1,0,0,0,0,1,0,1,0,2,3,1,0,0,0,1,1,6.530403045685278
R_2tbpzfNlr6Usm4O,Control,4,0,1,25,5,4,5,Etc,1,0,0,0,1,1,0,0,0,1,2,5,0,0,0,1,1,6.530403045685278
R_1gbU2mp4zWbWPyh,Control,3,1,1,42,3,3,5,Etc,1,0,0,0,3,1,0,1,1,4,2,1,0,0,0,1,1,4.95065380116959
R_piVzaXMGyFA2Hlf,Treat1,3,0,0,35,5,7,0,MORENA-PT-PES,0,0,0,1,3,1,0,0,0,4,5,4,0,0,0,0,0,4.16821308411215
R_1kUrFTg3XvNDyIO,Treat2,5,0,0,47,3,4,9,PRI-PVEM-PNA,0,0,1,0,2,1,0,0,0,4,5,3,0,0,0,0,0,4.225684916201117
R_3HRkpt1ROahBagQ,Control,3,0,0,46,5,8,3,Etc,1,0,0,0,0,1,0,1,0,3,3,3,0,0,0,1,1,4.225684916201117
R_Xic2oHOGm4XTZ1T,Treat2,4,0,1,21,3,1,7,MORENA-PT-PES,0,0,0,1,2,1,0,1,0,5,4,3,0,0,0,0,0,6.530403045685278
R_3jSrQZvJDMnduKp,Treat2,4,0,0,22,3,3,5,Etc,1,0,0,0,1,1,0,0,0,2,2,3,0,0,0,0,0,6.549394949494949
R_2X1fIhxH4SOjpOc,Treat2,2,1,0,31,5,7,7,MORENA-PT-PES,0,0,0,1,0,1,0,1,2,4,2,5,0,0,1,0,1,4.16821308411215
R_2QL3NuNZaJKD5qO,Treat2,4,0,0,24,4,4,8,Etc,1,0,0,0,1,1,0,0,0,1,2,1,0,0,1,0,1,6.549394949494949
R_2rISiwMyV0FBAUR,Treat1,5,0,0,38,7,18,6,MORENA-PT-PES,0,0,0,1,0,1,0,1,0,3,4,4,0,1,0,0,1,4.16821308411215
R_9QrNWpba6OMziZH,Treat2,2,1,1,41,5,17,5,Etc,1,0,0,0,2,0,0,0,2,5,4,1,0,0,0,0,0,4.95065380116959
R_3h5fiJQ1CQ99O95,Control,3,0,1,26,5,12,5,MORENA-PT-PES,0,0,0,1,0,1,0,1,0,3,2,4,0,0,0,1,1,6.530403045685278
R_3qxkEXhNL1wBRxy,Control,5,0,1,62,6,5,10,PRI-PVEM-PNA,0,0,1,0,2,1,0,0,0,5,5,1,0,0,0,1,1,10.998292105263156
R_2BzmfqvYeXLsqHZ,Treat1,2,1,1,35,5,4,7,PRI-PVEM-PNA,0,0,1,0,2,1,0,1,2,2,5,4,0,1,0,0,1,4.367588288288288
R_3fK3BrZBrimNi8L,Treat2,5,0,0,22,5,2,5,Etc,1,0,0,0,0,0,0,0,0,1,4,2,0,0,0,0,0,6.549394949494949
R_2qfO46qVjOL7muR,Control,5,1,1,47,3,13,10,PRI-PVEM-PNA,0,0,1,0,1,1,0,1,1,5,5,5,0,0,0,1,1,4.95065380116959
R_3PtPccCZnvrtGkr,Control,4,0,1,34,5,9,7,MORENA-PT-PES,0,0,0,1,1,1,0,1,0,5,4,3,0,0,0,1,1,4.367588288288288
R_1pzLoOUqHOEjgmy,Treat2,5,0,0,33,3,7,5,Etc,1,0,0,0,2,1,0,1,0,5,5,1,0,0,0,0,0,4.16821308411215
R_3g6rcEh4UMTzMot,Treat1,5,0,0,19,3,5,7,Etc,1,0,0,0,0,1,0,0,0,4,3,3,0,0,0,0,0,6.549394949494949
R_3KZp9uhkqXHK1tM,Treat1,3,0,1,36,5,6,4,MORENA-PT-PES,0,0,0,1,3,1,0,1,0,5,5,1,0,0,0,0,0,4.367588288288288
R_3m9MZI04BIgqPWR,Control,5,0,0,40,5,5,5,MORENA-PT-PES,0,0,0,1,1,1,0,1,0,5,5,1,0,0,0,1,1,4.225684916201117
R_1M5oDwq1NOCbCbi,Treat2,4,0,0,26,5,6,8,PAN-PRD-MC,0,1,0,0,2,1,0,0,0,2,4,4,0,0,1,0,1,6.549394949494949
R_24O9C01KzrIS3Y9,Treat1,5,1,1,27,5,8,3,MORENA-PT-PES,0,0,0,1,3,1,0,1,1,5,5,4,0,1,0,0,1,6.530403045685278
R_9nW2wfyRqBKynZf,Control,5,0,0,28,5,6,5,Etc,1,0,0,0,1,0,0,0,0,3,3,1,0,0,0,1,1,6.549394949494949
R_DG1U2T8VatiIQqB,Treat2,5,0,0,38,5,11,8,PRI-PVEM-PNA,0,0,1,0,1,1,0,1,0,4,5,3,0,0,1,0,1,4.16821308411215
R_1LkEsmmEcIpoxGK,Treat1,4,1,0,43,5,14,10,MORENA-PT-PES,0,0,0,1,3,1,0,1,2,5,5,3,0,0,0,0,0,4.225684916201117
R_xsIJiWY02e3Fz4R,Treat2,5,0,1,44,6,4,6,PRI-PVEM-PNA,0,0,1,0,2,1,0,0,0,5,5,4,0,0,0,0,0,4.95065380116959
R_ZJIJ5DKhw0kigRr,Treat2,4,0,0,31,5,19,4,MORENA-PT-PES,0,0,0,1,2,1,0,1,0,4,4,1,0,0,1,0,1,4.16821308411215
R_1MRhIudEtPQhxFZ,Treat1,5,0,0,40,5,20,9,PRI-PVEM-PNA,0,0,1,0,2,1,0,0,0,5,5,3,0,0,0,0,0,4.225684916201117
R_2EmnW6myGkWKNsw,Treat2,4,0,0,48,5,10,9,Etc,1,0,0,0,1,1,0,1,0,4,5,5,0,0,1,0,1,4.225684916201117
R_21mLnxPHj9Ez6Tj,Control,4,0,1,25,5,14,4,PAN-PRD-MC,0,1,0,0,2,1,0,0,0,4,5,4,0,0,0,1,1,6.530403045685278
R_3m2d6gIjbtiBgTC,Control,4,0,1,28,5,7,6,PAN-PRD-MC,0,1,0,0,2,1,0,1,0,1,3,4,0,0,0,1,1,6.530403045685278
R_1jB4fVltSpL2D2R,Treat1,5,0,1,43,5,8,1,MORENA-PT-PES,0,0,0,1,3,1,0,1,0,5,5,2,0,1,0,0,1,4.95065380116959
R_1iqWJsAcaLOTHRg,Treat2,5,0,0,47,5,11,10,PAN-PRD-MC,0,1,0,0,1,1,0,0,0,5,3,5,0,0,1,0,1,4.225684916201117
R_1P7C2wgMWL05gJl,Treat1,5,0,0,19,3,5,2,Etc,1,0,0,0,0,1,0,1,0,4,5,4,0,0,0,0,0,6.549394949494949
R_3oNJf6JPFMd37Tn,Control,3,1,1,19,4,7,8,PRI-PVEM-PNA,0,0,1,0,1,1,0,0,2,2,2,2,0,0,0,1,1,6.530403045685278
R_2wH0lkbPlwxPeST,Treat1,4,0,1,23,3,16,6,Etc,1,0,0,0,0,1,0,0,0,4,4,2,0,0,0,0,0,6.530403045685278
R_3L0GTLRTJeAl2zB,Treat2,5,0,1,42,5,20,5,Etc,1,0,0,0,0,1,0,0,0,3,4,5,0,0,0,0,0,4.95065380116959
R_1mFtaqCDrJojQHy,Treat1,4,0,1,34,3,3,5,MORENA-PT-PES,0,0,0,1,0,1,0,1,0,5,4,2,0,1,0,0,1,4.367588288288288
R_3JE0m7fKD8azgip,Treat1,5,0,0,41,5,11,0,MORENA-PT-PES,0,0,0,1,1,1,0,1,0,5,5,2,0,1,0,0,1,4.225684916201117
R_3j1cLOP30g41t2b,Treat2,5,0,1,37,5,19,10,Etc,1,0,0,0,1,1,0,0,0,4,2,2,0,0,1,0,1,4.367588288288288
R_1ISH8rCEyaUezva,Treat2,4,0,0,27,3,6,5,Etc,1,0,0,0,3,1,0,1,0,3,3,4,0,0,1,0,1,6.549394949494949
R_smOLD44uqRFf5yp,Treat1,5,0,0,24,5,14,3,MORENA-PT-PES,0,0,0,1,2,1,0,1,0,5,5,2,0,0,0,0,0,6.549394949494949
R_1eJBXZOQ90dkuFe,Treat1,5,0,1,37,5,18,6,MORENA-PT-PES,0,0,0,1,2,1,0,1,0,4,5,2,0,1,0,0,1,4.367588288288288
R_2CD1gEKSjNL5S4w,Treat2,5,0,0,29,5,8,2,MORENA-PT-PES,0,0,0,1,0,1,0,1,0,4,5,1,0,0,1,0,1,6.549394949494949
R_3qONeSx1VtbDhmM,Treat2,4,0,1,37,2,3,5,PAN-PRD-MC,0,1,0,0,0,1,0,0,0,4,4,5,0,0,1,0,1,4.367588288288288
R_tKiyMIPR12AX4CR,Control,3,0,1,29,5,11,5,Etc,1,0,0,0,1,1,0,1,0,4,4,3,0,0,0,1,1,6.530403045685278
R_3nNNUAlLNGWDVin,Treat1,5,0,1,42,5,9,5,Etc,1,0,0,0,0,1,0,0,0,5,5,3,0,0,0,0,0,4.95065380116959
R_2aDIu0rCwnAPcLU,Treat1,5,0,1,35,5,10,10,MORENA-PT-PES,0,0,0,1,1,1,0,1,0,5,5,4,0,0,0,0,0,4.367588288288288
R_3rNBOjsYP37uRcD,Control,4,0,0,38,5,13,3,PAN-PRD-MC,0,1,0,0,2,1,0,1,0,4,5,2,0,0,0,1,1,4.16821308411215
R_24dxL73OKpYLGRh,Control,4,0,1,34,5,3,8,PAN-PRD-MC,0,1,0,0,2,1,0,1,0,4,5,4,0,0,0,1,1,4.367588288288288
R_2XpNY19Yyd9pIN1,Treat1,2,0,0,26,5,6,5,Etc,1,0,0,0,0,1,0,1,0,1,1,2,0,1,0,0,1,6.549394949494949
R_yJTtQ6ilsCe8bfP,Control,4,0,0,31,3,10,9,Etc,1,0,0,0,2,1,0,1,0,5,5,1,0,0,0,1,1,4.16821308411215
R_2sfz9pP4pFh3qsp,Control,5,0,1,21,5,2,7,MORENA-PT-PES,0,0,0,1,0,1,0,1,0,5,5,2,0,0,0,1,1,6.530403045685278
R_3fUahcKauDnfSC6,Control,5,0,0,40,3,5,9,Etc,1,0,0,0,0,1,0,1,0,1,3,3,0,0,0,1,1,4.225684916201117
R_10YrV6fi8gmTca3,Treat1,5,0,1,36,4,7,10,Etc,1,0,0,0,1,0,0,0,0,1,3,4,0,1,0,0,1,4.367588288288288
R_3hxzG5KcUPZz1XK,Control,2,1,1,38,5,14,8,MORENA-PT-PES,0,0,0,1,1,1,0,1,2,4,1,3,0,0,0,1,1,4.367588288288288
R_sA3b6FF3LkxiEz7,Treat2,4,0,1,49,5,11,5,Etc,1,0,0,0,1,1,0,0,0,2,2,2,0,0,1,0,1,4.95065380116959
R_2WSgepkEsdAftjX,Treat1,3,1,1,21,4,11,5,PRI-PVEM-PNA,0,0,1,0,0,0,0,0,1,3,4,4,0,1,0,0,1,6.530403045685278
R_9WsPr31v1kYjpYd,Control,5,0,0,47,5,12,9,Etc,1,0,0,0,2,1,0,0,0,4,5,3,0,0,0,1,1,4.225684916201117
R_2XnEeXjvrtbV1dh,Treat2,5,0,1,19,4,7,3,MORENA-PT-PES,0,0,0,1,3,1,0,1,0,5,5,4,0,0,0,0,0,6.530403045685278
R_3HFCGE7ODRk3KNe,Control,5,0,1,42,3,3,4,MORENA-PT-PES,0,0,0,1,1,1,0,1,0,3,3,4,0,0,0,1,1,4.95065380116959
R_27PS9W1Vq5oNucZ,Control,5,0,0,35,5,15,0,MORENA-PT-PES,0,0,0,1,2,1,0,1,0,5,5,1,0,0,0,1,1,4.16821308411215
R_Aah2PZPboZUhlOp,Control,4,0,1,43,5,9,4,Etc,1,0,0,0,1,1,0,0,0,3,2,4,0,0,0,1,1,4.95065380116959
R_3PgyWV588vwZYCl,Control,5,0,1,37,5,5,3,MORENA-PT-PES,0,0,0,1,0,1,0,1,0,4,4,4,0,0,0,1,1,4.367588288288288
R_31LsmIBrPslA7TY,Control,3,0,0,32,5,6,5,Etc,1,0,0,0,2,0,0,0,0,2,4,3,0,0,0,1,1,4.16821308411215
R_25FvDx3YOiPilFl,Treat1,4,1,0,22,5,4,6,MORENA-PT-PES,0,0,0,1,1,1,0,1,2,2,2,5,0,0,0,0,0,6.549394949494949
R_1KrNlDhLhdbkX3L,Control,4,0,0,33,5,8,5,MORENA-PT-PES,0,0,0,1,0,1,0,1,0,4,5,4,0,0,0,1,1,4.16821308411215
R_33DsMHjSDwx8vu0,Control,2,1,0,18,4,5,10,PAN-PRD-MC,0,1,0,0,2,0,0,0,4,4,4,4,0,0,0,1,1,6.549394949494949
R_3F3CurJbn4qibht,Control,5,0,1,37,5,19,4,MORENA-PT-PES,0,0,0,1,3,1,0,1,0,4,4,2,0,0,0,1,1,4.367588288288288
R_xDzRuRMzqBdwuIh,Control,5,0,0,50,5,11,0,MORENA-PT-PES,0,0,0,1,1,1,0,1,0,5,5,1,0,0,0,1,1,4.510031297709924
R_2e9leGAeOdA0p3i,Treat2,5,0,1,28,3,9,5,Etc,1,0,0,0,0,1,0,1,0,4,5,4,0,0,0,0,0,6.530403045685278
R_2b0DUNBUyyUxu2M,Control,5,1,1,24,7,15,7,Etc,1,0,0,0,0,0,0,0,3,5,4,4,0,0,0,1,1,6.530403045685278
R_3kAG7jLItRmkLfK,Control,4,0,1,25,4,12,8,MORENA-PT-PES,0,0,0,1,1,1,0,1,0,5,5,2,0,0,0,1,1,6.530403045685278
R_3mgUm1FJvA6BuDa,Treat1,5,0,0,53,3,2,5,Etc,1,0,0,0,0,0,0,0,0,3,1,1,0,0,0,0,0,4.510031297709924
R_1E6uY2blM7pCug8,Control,5,0,0,21,2,6,8,MORENA-PT-PES,0,0,0,1,1,1,0,1,0,5,5,4,0,0,0,1,1,6.549394949494949
R_1DCL1UpDXJxOy8i,Treat2,3,1,0,19,4,1,5,Etc,1,0,0,0,0,0,0,0,3,2,4,3,0,0,1,0,1,6.549394949494949
R_1rHs9a0rp9uv0ll,Control,4,0,1,40,5,10,2,MORENA-PT-PES,0,0,0,1,2,1,0,1,0,4,4,3,0,0,0,1,1,4.95065380116959
R_1MR0TaDzRPvHVao,Control,4,0,0,20,4,4,6,Etc,1,0,0,0,1,1,0,1,0,4,4,4,0,0,0,1,1,6.549394949494949
R_1IHuJQn3gHAbJnP,Treat1,5,0,0,28,5,17,4,Etc,1,0,0,0,1,1,0,1,0,2,5,1,0,0,0,0,0,6.549394949494949
R_3EfXyPxzKfwJlHI,Treat2,5,0,0,34,5,4,8,MORENA-PT-PES,0,0,0,1,3,1,0,1,0,5,5,2,0,0,1,0,1,4.16821308411215
R_2wix2p7fiLlKPUc,Control,5,0,0,37,5,5,3,Etc,1,0,0,0,1,1,0,1,0,1,5,3,0,0,0,1,1,4.16821308411215
R_dh5Mo6tq5xoHGa5,Treat2,5,0,0,37,5,9,1,MORENA-PT-PES,0,0,0,1,2,1,0,1,0,5,5,1,0,0,0,0,0,4.16821308411215
R_1gtmsJFSWH3z4CT,Control,5,0,0,56,5,11,10,PRI-PVEM-PNA,0,0,1,0,2,1,0,0,0,5,5,5,0,0,0,1,1,4.510031297709924
R_sNltcUzm5FEzNkZ,Treat1,5,0,1,47,7,7,9,MORENA-PT-PES,0,0,0,1,1,1,0,1,0,5,5,3,0,1,0,0,1,4.95065380116959
R_xnhFqiBAxErw3ux,Control,5,0,0,31,5,9,10,MORENA-PT-PES,0,0,0,1,1,1,0,1,0,5,5,4,0,0,0,1,1,4.16821308411215
R_0BeNBugfxYEEQ0h,Treat2,1,1,1,34,5,5,5,Etc,1,0,0,0,2,1,0,1,4,4,5,3,0,0,1,0,1,4.367588288288288
R_1CmxmUftnrMEGXo,Treat1,3,1,1,38,3,2,5,PRI-PVEM-PNA,0,0,1,0,0,0,0,0,3,5,5,3,0,0,0,0,0,4.367588288288288
R_2zit6WxqICiipON,Treat2,1,0,1,45,5,7,5,Etc,1,0,0,0,2,1,0,1,0,2,2,1,0,0,0,0,0,4.95065380116959
R_2tb6w8IoLAU9eHS,Treat1,4,0,1,38,5,6,5,MORENA-PT-PES,0,0,0,1,2,1,0,1,0,4,2,2,0,1,0,0,1,4.367588288288288
R_2dnZp18Y57PKPp3,Control,1,1,1,33,5,6,8,Etc,1,0,0,0,2,0,0,0,1,2,5,2,0,0,0,1,1,4.367588288288288
R_BY8b4ogaXINMdqh,Treat2,4,0,0,34,6,12,2,MORENA-PT-PES,0,0,0,1,1,1,0,1,0,4,4,4,0,0,0,0,0,4.16821308411215
R_12l3pgjuNFT9EHe,Treat1,4,0,1,20,3,1,7,Etc,1,0,0,0,0,1,0,1,0,4,4,5,0,0,0,0,0,6.530403045685278
R_3GoEp55otj5sPL3,Treat2,5,0,0,34,5,13,2,MORENA-PT-PES,0,0,0,1,3,1,0,1,0,5,5,2,0,0,0,0,0,4.16821308411215
R_3emcRLjb32a6PkP,Control,2,1,1,30,3,9,10,Etc,1,0,0,0,0,0,0,0,2,4,5,2,0,0,0,1,1,4.367588288288288
R_Z7FfkheRSA34kPD,Treat2,5,0,1,30,5,15,2,MORENA-PT-PES,0,0,0,1,1,1,0,1,0,5,4,4,0,0,1,0,1,4.367588288288288
R_vAZ48iWphSRAagF,Treat1,1,1,0,41,3,3,7,Etc,1,0,0,0,2,1,0,1,2,5,5,2,0,1,0,0,1,4.225684916201117
R_9B4RflALXiRuWBz,Control,5,0,0,25,5,5,4,MORENA-PT-PES,0,0,0,1,1,1,0,1,0,4,5,1,0,0,0,1,1,6.549394949494949
R_3OjHHO92FJLRpA1,Treat1,5,0,0,37,3,6,5,Etc,1,0,0,0,3,1,0,1,0,4,5,4,0,0,0,0,0,4.16821308411215
R_XXKrczJO5FGmxnX,Treat1,5,0,0,47,6,16,6,Etc,1,0,0,0,3,1,0,1,0,3,5,1,0,0,0,0,0,4.225684916201117
R_d0ukDvEx85PtXSV,Control,4,0,0,34,5,16,7,Etc,1,0,0,0,0,1,0,0,0,4,5,2,0,0,0,1,1,4.16821308411215
R_3M9TwBfho6cMslc,Control,5,0,0,20,3,6,5,Etc,1,0,0,0,0,0,0,0,0,3,3,4,0,0,0,1,1,6.549394949494949
R_u8OmDJQ2S8oNoat,Treat2,5,0,0,38,5,16,2,MORENA-PT-PES,0,0,0,1,2,1,0,1,0,5,5,2,0,0,1,0,1,4.16821308411215
R_3PGmeQNWlueN1vj,Treat2,5,0,1,43,6,12,1,MORENA-PT-PES,0,0,0,1,2,1,0,1,0,4,4,5,0,0,0,0,0,4.95065380116959
R_1li2SXste5LMGRa,Treat2,5,1,0,20,3,6,8,Etc,1,0,0,0,2,0,0,0,4,5,4,3,0,0,0,0,0,6.549394949494949
R_2WvOR8r0NJPhQBo,Treat2,4,0,1,30,5,3,4,Etc,1,0,0,0,1,1,0,1,0,2,5,2,0,0,0,0,0,4.367588288288288
R_3kLlCLner5nwZVv,Treat2,5,0,1,20,2,2,8,MORENA-PT-PES,0,0,0,1,1,1,0,1,0,5,5,5,0,0,0,0,0,6.530403045685278
R_29nUzexfH5hARAz,Control,4,0,1,34,5,3,7,Etc,1,0,0,0,2,1,0,1,0,2,2,3,0,0,0,1,1,4.367588288288288
R_2P6xJOrbcdvPRyV,Treat2,5,0,0,46,5,16,0,MORENA-PT-PES,0,0,0,1,3,1,0,1,0,5,5,2,0,0,1,0,1,4.225684916201117
R_2TOjKHgY4NIwHpD,Treat2,4,1,0,42,5,11,4,Etc,1,0,0,0,2,1,0,0,1,4,5,4,0,0,1,0,1,4.225684916201117
R_PMLjf3EbIxRE4oh,Control,5,0,1,33,5,10,3,Etc,1,0,0,0,0,1,0,1,0,5,5,2,0,0,0,1,1,4.367588288288288
R_2wuZBbyg7qR6dAL,Control,3,0,1,18,3,1,5,Etc,1,0,0,0,0,0,0,0,0,2,2,3,0,0,0,1,1,6.530403045685278
R_246OG46zraP8alh,Treat1,2,0,1,50,6,6,8,Etc,1,0,0,0,1,1,0,1,0,1,2,2,0,1,0,0,1,6.300476699029127
R_1gOWfvlAybEl8Pn,Treat2,5,0,1,40,5,16,1,Etc,1,0,0,0,3,1,0,1,0,5,5,2,0,0,0,0,0,4.95065380116959
R_2Xb3kKZ81iB86xh,Treat1,5,1,0,30,5,12,7,PRI-PVEM-PNA,0,0,1,0,1,1,0,0,1,2,2,4,0,0,0,0,0,4.16821308411215
R_3n77nnOTVVysh6i,Treat2,5,0,1,21,5,6,3,PRI-PVEM-PNA,0,0,1,0,2,1,0,0,0,4,5,3,0,0,1,0,1,6.530403045685278
R_Df5XeLiG2xEyhCp,Control,5,0,0,35,5,14,5,MORENA-PT-PES,0,0,0,1,1,1,0,1,0,4,5,4,0,0,0,1,1,4.16821308411215
R_26mOy6HXcIuJxfJ,Control,4,0,1,29,5,4,6,MORENA-PT-PES,0,0,0,1,0,1,0,1,0,4,5,2,0,0,0,1,1,6.530403045685278
R_3iy7NyYXWPMmyHr,Treat1,5,0,0,22,3,4,5,Etc,1,0,0,0,0,1,0,1,0,4,5,2,0,1,0,0,1,6.549394949494949
R_6qWGMZYGokgy1EZ,Treat1,4,0,1,22,3,2,4,MORENA-PT-PES,0,0,0,1,0,1,0,1,0,3,2,4,0,0,0,0,0,6.530403045685278
R_3snYAttynigKfhU,Treat1,5,0,0,26,5,1,8,MORENA-PT-PES,0,0,0,1,0,1,0,1,0,5,1,4,0,0,0,0,0,6.549394949494949
R_11c4wvlbUUApagT,Control,4,0,0,48,5,11,6,PRI-PVEM-PNA,0,0,1,0,1,1,0,0,0,5,4,4,0,0,0,1,1,4.225684916201117
R_3M4dUC79cQ1OQVO,Treat2,5,0,0,29,5,18,7,MORENA-PT-PES,0,0,0,1,1,1,0,1,0,5,5,5,0,0,1,0,1,6.549394949494949
R_27m1ITXn38CNWmR,Treat1,3,0,0,29,3,4,8,Etc,1,0,0,0,0,0,0,0,0,2,2,3,0,0,0,0,0,6.549394949494949
R_2rpBw9xeoLmwigb,Treat1,5,0,0,35,6,6,8,MORENA-PT-PES,0,0,0,1,0,1,0,1,0,5,1,3,0,0,0,0,0,4.16821308411215
R_NXtC82jwFbRU1J7,Treat2,2,1,1,30,3,6,5,MORENA-PT-PES,0,0,0,1,0,0,0,0,3,4,4,2,0,0,1,0,1,4.367588288288288
R_2zOzuJcXP081x0A,Control,4,0,1,46,3,14,5,Etc,1,0,0,0,0,1,0,1,0,4,5,3,0,0,0,1,1,4.95065380116959
R_2dLMyJcEJYz67X0,Control,4,0,1,20,4,14,10,Etc,1,0,0,0,1,1,0,1,0,4,3,3,0,0,0,1,1,6.530403045685278
R_2b3mIRCwAqWMB05,Treat2,3,1,0,25,5,4,8,PRI-PVEM-PNA,0,0,1,0,0,1,0,1,1,1,2,4,0,0,0,0,0,6.549394949494949
R_eWIrfNArJfTOVEd,Treat1,5,1,0,36,6,20,8,PAN-PRD-MC,0,1,0,0,2,1,0,1,1,5,5,5,0,1,0,0,1,4.16821308411215
R_eL46RZpqrFJAhZ7,Control,1,1,1,21,5,3,6,PRI-PVEM-PNA,0,0,1,0,2,0,0,0,2,5,4,4,0,0,0,1,1,6.530403045685278
R_5inMDuNwCoLKfcZ,Treat1,4,0,1,32,3,4,5,Etc,1,0,0,0,0,1,0,1,0,3,4,3,0,0,0,0,0,4.367588288288288
R_USCiwQkBf2Y17Hz,Treat1,5,0,1,48,6,11,5,Etc,1,0,0,0,0,0,0,0,0,5,4,4,0,1,0,0,1,4.95065380116959
R_3kNGzi9i1FjgbKv,Treat1,5,0,1,32,5,10,5,Etc,1,0,0,0,2,1,0,0,0,2,1,3,0,0,0,0,0,4.367588288288288
R_2ahNvnnxBITS2IQ,Treat2,5,0,0,44,2,8,0,MORENA-PT-PES,0,0,0,1,2,1,0,1,0,5,5,1,0,0,1,0,1,4.225684916201117
R_3NV6Hm04BVsdwdx,Control,5,0,0,22,5,2,0,MORENA-PT-PES,0,0,0,1,2,1,0,1,0,5,5,2,0,0,0,1,1,6.549394949494949
R_e5xRWl4hzVyOYQF,Control,5,1,1,25,5,13,7,Etc,1,0,0,0,0,0,0,0,4,3,3,3,0,0,0,1,1,6.530403045685278
R_3n8gRUdXgY2mCs4,Treat2,5,0,1,28,6,9,0,MORENA-PT-PES,0,0,0,1,1,1,0,1,0,5,5,1,0,0,1,0,1,6.530403045685278
R_11aUekOv1wxqVDz,Treat2,5,0,1,18,5,1,3,MORENA-PT-PES,0,0,0,1,0,1,0,1,0,4,4,4,0,0,1,0,1,6.530403045685278
R_DCAbFQJI5dl8Fxf,Treat2,5,0,0,38,6,12,5,MORENA-PT-PES,0,0,0,1,3,1,0,1,0,5,5,1,0,0,0,0,0,4.16821308411215
R_2aQ5w6v8FJO35z1,Treat2,5,0,0,20,5,2,7,Etc,1,0,0,0,2,1,0,1,0,4,4,4,0,0,1,0,1,6.549394949494949
R_OHgD5i0YbJShMUp,Treat2,5,0,1,35,5,13,6,PRI-PVEM-PNA,0,0,1,0,0,1,0,0,0,2,5,2,0,0,0,0,0,4.367588288288288
R_1lublkiiHwF6LXp,Control,5,1,1,19,3,14,2,MORENA-PT-PES,0,0,0,1,0,0,0,0,3,4,4,2,0,0,0,1,1,6.530403045685278
R_1pANRPRBJ8AuQoj,Treat2,5,0,1,25,5,16,10,Etc,1,0,0,0,1,1,0,0,0,3,5,4,0,0,1,0,1,6.530403045685278
R_OQiFB8pkiUHFpJL,Treat2,4,1,0,34,3,9,7,MORENA-PT-PES,0,0,0,1,2,1,0,1,4,4,5,4,0,0,1,0,1,4.16821308411215
R_1BUYPw2y2pypIDH,Control,5,0,1,30,4,8,2,MORENA-PT-PES,0,0,0,1,1,1,0,1,0,5,5,3,0,0,0,1,1,4.367588288288288
R_26m1WUzSXmRb3Zi,Control,2,0,1,38,6,19,3,Etc,1,0,0,0,3,1,0,1,0,2,4,1,0,0,0,1,1,4.367588288288288
R_3fotcdjaF8vJ55R,Control,5,0,1,46,3,5,6,Etc,1,0,0,0,0,1,0,1,0,3,5,4,0,0,0,1,1,4.95065380116959
R_1Iit7dwsm9QlrhV,Control,5,0,0,33,6,9,1,Etc,1,0,0,0,0,1,0,1,0,4,5,3,0,0,0,1,1,4.16821308411215
R_3KwGAGbaOrM71JP,Control,3,0,0,32,2,4,5,Etc,1,0,0,0,0,0,0,0,0,3,3,4,0,0,0,1,1,4.16821308411215
R_1DI1m4xzzazLfwU,Treat2,5,0,0,20,3,2,5,Etc,1,0,0,0,0,1,0,1,0,1,5,3,0,0,1,0,1,6.549394949494949
R_aaxau8Mo4RorQqZ,Control,3,0,0,20,3,3,4,Etc,1,0,0,0,2,1,0,1,0,4,5,4,0,0,0,1,1,6.549394949494949
R_1OjKHXJ8rZ2ndUJ,Control,4,0,0,37,3,4,5,Etc,1,0,0,0,0,1,0,1,0,4,2,4,0,0,0,1,1,4.16821308411215
R_egMziOMlqpTh1Dz,Treat2,5,1,0,34,2,3,8,Etc,1,0,0,0,0,0,0,0,3,4,4,2,0,0,0,0,0,4.16821308411215
R_1Nepte1X976QYfK,Control,4,0,1,31,6,9,8,Etc,1,0,0,0,2,1,0,1,0,4,2,2,0,0,0,1,1,4.367588288288288
R_1KpB5jxgOGvz9Q8,Control,5,0,0,20,3,15,7,Etc,1,0,0,0,0,1,0,1,0,4,5,4,0,0,0,1,1,6.549394949494949
R_1Hc12EO7RyMQdD3,Treat1,4,1,1,41,5,9,10,PAN-PRD-MC,0,1,0,0,2,1,0,1,1,4,4,2,0,1,0,0,1,4.95065380116959
R_308nYqYkOex0cGr,Treat1,4,0,1,54,5,18,8,PRI-PVEM-PNA,0,0,1,0,2,1,0,0,0,1,5,4,0,0,0,0,0,6.300476699029127
R_2vfi4T4dX3gsLtP,Control,1,0,0,36,6,13,5,Etc,1,0,0,0,1,1,0,1,0,1,3,3,0,0,0,1,1,4.16821308411215
R_yl1byyXIqWgQfHr,Control,5,0,0,30,5,4,6,Etc,1,0,0,0,0,1,0,1,0,3,4,2,0,0,0,1,1,4.16821308411215
R_2E3H1stmJcSPTaB,Treat2,4,0,1,38,3,10,3,MORENA-PT-PES,0,0,0,1,0,1,0,1,0,4,4,4,0,0,0,0,0,4.367588288288288
R_blWohD08RhTEyTT,Treat1,5,0,1,21,3,4,7,MORENA-PT-PES,0,0,0,1,1,1,0,1,0,4,4,4,0,1,0,0,1,6.530403045685278
R_1MS72NTo5SvusSX,Control,5,0,1,19,3,4,7,PAN-PRD-MC,0,1,0,0,0,1,0,0,0,4,3,4,0,0,0,1,1,6.530403045685278
R_1LFFj79XJB9NkkF,Control,1,1,0,29,3,3,10,Etc,1,0,0,0,2,0,0,0,2,5,4,4,0,0,0,1,1,6.549394949494949
R_r8x7PQvTQESn8xr,Treat2,3,0,1,23,4,5,5,Etc,1,0,0,0,1,0,0,0,0,1,1,4,0,0,0,0,0,6.530403045685278
R_1g8imwFRO0sarq6,Control,5,0,0,46,3,7,5,Etc,1,0,0,0,0,0,0,0,0,1,1,3,0,0,0,1,1,4.225684916201117
R_pGbOFLhKqcze4HD,Control,4,0,0,25,3,10,3,MORENA-PT-PES,0,0,0,1,2,1,0,1,0,5,5,4,0,0,0,1,1,6.549394949494949
R_3I055gkPYbMoaYD,Control,3,1,0,29,4,8,7,PAN-PRD-MC,0,1,0,0,0,1,0,1,4,5,5,2,0,0,0,1,1,6.549394949494949
R_33ljO8a6K4KraSZ,Control,3,0,0,43,4,5,10,Etc,1,0,0,0,0,0,0,0,0,3,4,2,0,0,0,1,1,4.225684916201117
R_WxszFoxkkNu2Ssh,Treat2,3,0,1,29,5,11,6,MORENA-PT-PES,0,0,0,1,2,1,0,1,0,4,2,4,0,0,1,0,1,6.530403045685278
R_u3pZZeTBcSqfuoN,Treat2,2,1,1,27,5,13,7,Etc,1,0,0,0,0,1,0,1,2,3,2,4,0,0,1,0,1,6.530403045685278
R_1H3ZHzfJWBn2vFT,Treat2,5,0,0,26,3,3,10,MORENA-PT-PES,0,0,0,1,1,1,0,1,0,5,5,1,0,0,1,0,1,6.549394949494949
R_tEQl3met3tRVkop,Control,5,0,1,25,3,1,3,Etc,1,0,0,0,0,1,0,1,0,3,5,2,0,0,0,1,1,6.530403045685278
R_2V2fTJdkrTNUJYS,Control,5,1,0,22,3,6,10,MORENA-PT-PES,0,0,0,1,2,0,0,0,3,4,4,4,0,0,0,1,1,6.549394949494949
R_2BzWYGLfoIoSk0M,Treat1,4,0,1,28,5,17,5,Etc,1,0,0,0,0,1,0,1,0,4,2,2,0,0,0,0,0,6.530403045685278
R_2WwfRLBcNwf4qFI,Treat1,3,0,0,39,3,5,8,Etc,1,0,0,0,1,1,0,1,0,3,2,4,0,0,0,0,0,4.16821308411215
R_22EUvrT6nLIEBjJ,Treat1,4,0,0,20,3,7,5,Etc,1,0,0,0,0,1,0,1,0,2,2,3,0,1,0,0,1,6.549394949494949
R_3njy2LjJ5G3f2af,Treat2,4,0,0,30,5,15,6,MORENA-PT-PES,0,0,0,1,2,1,0,1,0,5,5,3,0,0,0,0,0,4.16821308411215
R_RgFeXltLYrn6oQ9,Treat1,2,1,0,26,7,20,9,MORENA-PT-PES,0,0,0,1,2,1,0,1,4,5,5,5,0,1,0,0,1,6.549394949494949
R_30ks1sqp7Z2G8Lb,Treat2,5,0,0,56,5,13,7,PRI-PVEM-PNA,0,0,1,0,2,1,0,0,0,4,5,3,0,0,0,0,0,4.510031297709924
R_3Pk4oLDiw20mV4x,Treat1,3,0,1,26,6,13,5,Etc,1,0,0,0,0,1,0,1,0,3,4,3,0,0,0,0,0,6.530403045685278
R_OO413jV9IauGm9b,Control,2,1,0,34,6,20,5,Etc,1,0,0,0,1,1,0,1,2,4,5,4,0,0,0,1,1,4.16821308411215
R_2SIC7FER0eo5BiC,Control,5,0,1,29,6,17,10,MORENA-PT-PES,0,0,0,1,1,1,0,1,0,5,5,5,0,0,0,1,1,6.530403045685278
R_2TMpxefrwyupJnS,Treat2,5,0,1,39,5,10,0,MORENA-PT-PES,0,0,0,1,3,1,0,1,0,5,5,4,0,0,0,0,0,4.367588288288288
R_1K78FddXnUv2ZTz,Control,4,1,0,33,6,18,4,Etc,1,0,0,0,2,1,0,1,2,4,4,2,0,0,0,1,1,4.16821308411215
R_0P3rAKYGhEphlnP,Control,5,0,0,35,5,10,5,PAN-PRD-MC,0,1,0,0,3,1,0,1,0,4,5,4,0,0,0,1,1,4.16821308411215
R_1F37JEvQIxVu2Fb,Treat1,5,0,1,25,2,3,5,Etc,1,0,0,0,0,0,0,0,0,4,3,2,0,0,0,0,0,6.530403045685278
R_3O6TZsPlUkxZ0FN,Treat1,1,0,0,20,4,3,5,Etc,1,0,0,0,0,1,0,1,0,3,3,3,0,0,0,0,0,6.549394949494949
R_RfRsil0dDdnw3pT,Treat1,5,0,0,40,5,14,5,Etc,1,0,0,0,1,1,0,1,0,4,4,2,0,0,0,0,0,4.225684916201117
R_1IaCq0q68BfRO6h,Treat1,5,0,0,30,5,11,4,MORENA-PT-PES,0,0,0,1,2,1,0,1,0,5,5,2,0,1,0,0,1,4.16821308411215
R_1gAbio6NhCJbEn9,Control,4,0,1,27,5,5,7,PRI-PVEM-PNA,0,0,1,0,1,1,0,1,0,3,4,3,0,0,0,1,1,6.530403045685278
R_3dXmbAyjPnbUBza,Treat1,4,0,1,39,5,12,5,Etc,1,0,0,0,1,1,0,1,0,4,5,4,0,0,0,0,0,4.367588288288288
R_D1uB23cKRHVfyoh,Treat1,5,0,0,25,3,7,1,MORENA-PT-PES,0,0,0,1,2,1,0,1,0,4,5,4,0,0,0,0,0,6.549394949494949
R_2aLEIGmVHIneZCK,Treat2,5,1,1,19,3,1,5,Etc,1,0,0,0,0,0,0,0,3,4,4,4,0,0,1,0,1,6.530403045685278
R_1oz3msb30oEXRjJ,Treat1,3,1,1,32,5,6,5,Etc,1,0,0,0,2,0,0,0,3,3,4,4,0,1,0,0,1,4.367588288288288
R_2cCRmww5eGi5PDw,Treat2,5,0,0,26,5,6,10,Etc,1,0,0,0,3,1,0,1,0,1,3,2,0,0,1,0,1,6.549394949494949
R_1IQ4fRbNSFLNmOw,Treat1,4,1,1,27,2,7,7,PRI-PVEM-PNA,0,0,1,0,1,1,0,1,1,5,4,4,0,1,0,0,1,6.530403045685278
R_1NlUgpGxqS1aStn,Control,5,0,1,25,3,9,5,MORENA-PT-PES,0,0,0,1,0,1,0,1,0,5,5,3,0,0,0,1,1,6.530403045685278
R_Y4deB2XjPdS6MAp,Treat1,4,0,1,34,5,18,4,Etc,1,0,0,0,1,1,0,1,0,4,4,2,0,1,0,0,1,4.367588288288288
R_2wRDABNlELpBsOe,Treat1,5,0,0,22,5,7,2,MORENA-PT-PES,0,0,0,1,1,1,0,1,0,2,5,5,0,0,0,0,0,6.549394949494949
R_12xVB4ga8nCxRDu,Treat1,1,0,0,53,6,6,5,Etc,1,0,0,0,1,1,0,1,0,3,5,2,0,1,0,0,1,4.510031297709924
R_2uUj2yAH7gTsBvU,Treat1,5,0,0,22,5,7,2,MORENA-PT-PES,0,0,0,1,1,1,0,1,0,2,4,4,0,0,0,0,0,6.549394949494949
R_DC2FAJN6gAJn4A1,Treat2,5,0,1,28,3,3,5,MORENA-PT-PES,0,0,0,1,1,1,0,1,0,3,4,4,0,0,1,0,1,6.530403045685278
R_1jvxOLG7S4cs36t,Control,5,1,0,31,5,4,9,MORENA-PT-PES,0,0,0,1,1,0,0,0,3,5,1,5,0,0,0,1,1,4.16821308411215
R_25FP1mhC8x2lyQh,Treat2,4,0,1,39,5,8,8,MORENA-PT-PES,0,0,0,1,2,1,0,1,0,4,4,5,0,0,0,0,0,4.367588288288288
R_2aIByIJQ1EfMA5A,Treat1,5,0,1,35,2,3,10,Etc,1,0,0,0,0,0,0,0,0,4,5,5,0,1,0,0,1,4.367588288288288
R_Rev2uGKREOY0zIJ,Treat1,4,0,0,67,3,10,6,Etc,1,0,0,0,0,1,0,1,0,4,4,4,0,1,0,0,1,4.742160256410257
R_W7IIOqCefzNP4ad,Treat1,1,1,1,38,5,4,5,Etc,1,0,0,0,0,1,0,1,4,1,5,4,0,0,0,0,0,4.367588288288288
R_2zwgYfKYPdxSbLg,Treat2,5,0,1,41,6,16,5,Etc,1,0,0,0,2,0,0,0,0,2,1,2,0,0,1,0,1,4.95065380116959
R_2alyYixvCDJTWNV,Treat2,5,0,0,38,5,5,5,MORENA-PT-PES,0,0,0,1,0,1,0,1,0,4,5,2,0,0,0,0,0,4.16821308411215
R_1dLkY2t9rHQIhEf,Control,3,1,0,35,6,13,8,Etc,1,0,0,0,1,0,0,0,2,3,4,1,0,0,0,1,1,4.16821308411215
R_2e5oD1hkZRW98id,Treat1,5,1,1,25,1,3,1,Etc,1,0,0,0,0,0,0,0,3,4,2,5,0,0,0,0,0,6.530403045685278
R_3NL4IVcJDcn7gBG,Treat1,4,1,1,34,5,14,10,PRI-PVEM-PNA,0,0,1,0,1,1,0,0,1,1,5,4,0,1,0,0,1,4.367588288288288
R_1ponFK0c7Jld2am,Treat1,5,0,1,39,5,11,5,Etc,1,0,0,0,2,1,0,1,0,1,1,2,0,1,0,0,1,4.367588288288288
R_1CHH7kA2ncgy7VB,Control,4,0,1,24,3,10,5,PAN-PRD-MC,0,1,0,0,1,1,0,0,0,2,2,2,0,0,0,1,1,6.530403045685278
R_BRrDlTkhU7k6o5r,Treat2,1,1,0,30,6,13,5,Etc,1,0,0,0,0,1,0,1,1,3,3,2,0,0,1,0,1,4.16821308411215
R_1l9sgY2rRghureA,Control,3,0,0,40,5,20,10,Etc,1,0,0,0,1,1,0,1,0,4,4,4,0,0,0,1,1,4.225684916201117
R_3iR0r7X0gAps5pv,Control,5,0,1,25,3,9,2,MORENA-PT-PES,0,0,0,1,2,1,0,1,0,4,4,4,0,0,0,1,1,6.530403045685278
R_2XjR6HY5abaFkjY,Control,3,1,0,36,6,9,8,MORENA-PT-PES,0,0,0,1,0,0,0,0,2,1,5,2,0,0,0,1,1,4.16821308411215
R_CgiT05IB7LwfaKJ,Control,1,1,1,34,3,4,5,Etc,1,0,0,0,0,1,0,1,1,5,4,3,0,0,0,1,1,4.367588288288288
R_pR7aMmv2B19It6F,Treat1,5,1,0,24,5,9,9,MORENA-PT-PES,0,0,0,1,2,1,0,1,1,3,3,4,0,0,0,0,0,6.549394949494949
R_3r36E2AcsWLcYlY,Control,5,0,1,41,5,20,2,Etc,1,0,0,0,2,1,0,1,0,2,5,3,0,0,0,1,1,4.95065380116959
R_25GYEOxjVJS8DVG,Control,2,1,1,39,5,15,9,Etc,1,0,0,0,1,1,0,1,1,4,3,4,0,0,0,1,1,4.367588288288288
R_5t3euaLikclzUw9,Control,3,0,0,35,5,16,0,Etc,1,0,0,0,1,1,0,1,0,2,4,2,0,0,0,1,1,4.16821308411215
R_3hxpGRnV4pFupSq,Control,1,1,1,41,5,10,5,PAN-PRD-MC,0,1,0,0,1,1,0,1,1,5,4,2,0,0,0,1,1,4.95065380116959
R_2xIXSJfZA7AfqMG,Treat1,4,0,1,22,5,6,5,MORENA-PT-PES,0,0,0,1,3,1,0,0,0,4,3,3,0,1,0,0,1,6.530403045685278
R_1M50jxe4Beb0GrU,Treat2,3,0,0,32,5,12,5,Etc,1,0,0,0,1,1,0,1,0,4,4,3,0,0,1,0,1,4.16821308411215
R_1mkjAnVIgG1X2w3,Treat2,4,0,0,33,3,9,5,PRI-PVEM-PNA,0,0,1,0,0,0,0,0,0,1,4,1,0,0,1,0,1,4.16821308411215
R_2zolubCTHS22Pya,Treat2,5,1,1,38,5,10,6,Etc,1,0,0,0,1,1,0,0,1,3,2,1,0,0,0,0,0,4.367588288288288
R_10w2JCE2He3hjhc,Control,5,0,1,41,2,3,6,PRI-PVEM-PNA,0,0,1,0,1,1,0,0,0,4,5,3,0,0,0,1,1,4.95065380116959
R_AgIwZwe3x6DHjwZ,Treat1,4,1,1,20,3,3,6,MORENA-PT-PES,0,0,0,1,0,0,0,0,3,3,2,3,0,0,0,0,0,6.530403045685278
R_1n3FC1qoIYC5Z32,Treat2,3,0,1,35,4,10,5,Etc,1,0,0,0,0,0,0,0,0,2,2,2,0,0,1,0,1,4.367588288288288
R_2X7ltesWMDHqyZH,Treat1,4,0,1,35,2,1,5,Etc,1,0,0,0,0,1,0,1,0,2,2,4,0,1,0,0,1,4.367588288288288
R_tS9OUW7m0tb8EVz,Treat2,5,0,0,46,5,10,5,Etc,1,0,0,0,1,1,0,0,0,5,5,2,0,0,0,0,0,4.225684916201117
R_1LOqoBudTR5XW1X,Treat2,5,0,0,39,7,8,6,MORENA-PT-PES,0,0,0,1,2,1,0,1,0,4,5,1,0,0,0,0,0,4.16821308411215
R_ABTwsw4vZjKo7YZ,Control,5,0,0,43,5,10,3,MORENA-PT-PES,0,0,0,1,1,1,0,1,0,4,4,1,0,0,0,1,1,4.225684916201117
R_1nTHxgz7uLEjVqo,Treat1,4,0,1,32,5,7,7,Etc,1,0,0,0,1,1,0,0,0,4,2,3,0,0,0,0,0,4.367588288288288
R_1TSoGJlo5sIZ2jD,Control,1,1,1,47,5,20,8,Etc,1,0,0,0,2,0,0,0,2,5,5,2,0,0,0,1,1,4.95065380116959
R_2OSJxzW60ChE8t1,Treat2,4,0,1,49,5,8,6,PAN-PRD-MC,0,1,0,0,1,1,0,1,0,4,5,5,0,0,1,0,1,4.95065380116959
R_3JKkVeXJyXr1jmt,Control,5,0,0,20,5,5,5,MORENA-PT-PES,0,0,0,1,2,1,0,1,0,5,5,4,0,0,0,1,1,6.549394949494949
R_ROZF4Mut6QSHE53,Control,5,0,0,34,5,16,8,MORENA-PT-PES,0,0,0,1,1,1,0,1,0,5,5,4,0,0,0,1,1,4.16821308411215
R_2dg3oK4q3g27lmF,Treat2,4,0,0,36,6,9,8,PRI-PVEM-PNA,0,0,1,0,0,1,0,0,0,4,5,2,0,0,1,0,1,4.16821308411215
R_1OAE24yyBrAA4lx,Control,5,0,1,36,5,7,5,Etc,1,0,0,0,2,1,0,1,0,4,4,4,0,0,0,1,1,4.367588288288288
R_r6F73O2GKKPA5ep,Treat1,5,0,0,53,3,19,1,PAN-PRD-MC,0,1,0,0,1,1,0,1,0,5,5,2,0,0,0,0,0,4.510031297709924
R_3CGWbaxjaJneLFJ,Treat1,3,1,0,47,4,2,6,Etc,1,0,0,0,1,1,0,1,2,3,3,3,0,0,0,0,0,4.225684916201117
R_1DM7YeRpbbgvxoA,Treat2,4,1,0,24,5,4,10,Etc,1,0,0,0,0,0,0,0,3,2,2,3,0,0,0,0,0,6.549394949494949
R_3NPSzQYXQGQvdyK,Treat2,5,0,0,22,3,2,8,Etc,1,0,0,0,0,1,0,1,0,5,5,3,0,0,0,0,0,6.549394949494949
R_OdMpM5uAtp5AlYR,Control,4,0,1,41,5,4,5,Etc,1,0,0,0,1,1,0,1,0,4,5,3,0,0,0,1,1,4.95065380116959
R_1fd7q7BSOzaNrkC,Treat1,5,0,1,37,5,12,5,Etc,1,0,0,0,2,1,0,0,0,1,2,2,0,1,0,0,1,4.367588288288288
R_XLdsIqW73TguHu1,Treat1,4,1,0,34,5,9,6,Etc,1,0,0,0,1,1,0,1,2,4,5,4,0,0,0,0,0,4.16821308411215
R_2cpFebKZJUGLob3,Treat1,5,0,1,41,4,3,9,Etc,1,0,0,0,1,0,0,0,0,3,3,2,0,0,0,0,0,4.95065380116959
R_2X0Plug7j1eJkCH,Treat1,5,0,0,45,5,11,5,Etc,1,0,0,0,3,1,0,0,0,4,4,4,0,1,0,0,1,4.225684916201117
R_3hfGUDISzhPHAZe,Control,5,0,0,38,5,13,6,Etc,1,0,0,0,3,0,0,0,0,5,1,1,0,0,0,1,1,4.16821308411215
R_1Egrd3dqwBSKT0I,Control,5,1,1,21,5,1,5,Etc,1,0,0,0,0,1,0,0,4,2,4,2,0,0,0,1,1,6.530403045685278
R_2roKSwG0KXq438n,Control,5,0,0,49,5,4,5,Etc,1,0,0,0,2,1,0,0,0,3,5,4,0,0,0,1,1,4.225684916201117
R_3KJhNpWA6D2Yw7B,Treat1,5,0,0,49,5,12,1,MORENA-PT-PES,0,0,0,1,2,1,0,1,0,5,5,1,0,0,0,0,0,4.225684916201117
R_3ew6Bb9yLvSeiDF,Treat2,4,0,1,38,5,5,3,Etc,1,0,0,0,0,1,0,1,0,4,4,3,0,0,1,0,1,4.367588288288288
R_3CZ0RDnjfBJs8Ix,Treat2,5,0,0,36,5,9,0,MORENA-PT-PES,0,0,0,1,3,1,0,1,0,5,5,5,0,0,1,0,1,4.16821308411215
R_2YbrABMbsy1LAZy,Treat2,5,0,1,31,3,18,1,Etc,1,0,0,0,1,1,0,0,0,2,5,3,0,0,1,0,1,4.367588288288288
R_24hN0cXqyox9RHJ,Treat1,5,0,1,31,4,9,5,Etc,1,0,0,0,3,0,0,0,0,4,4,4,0,1,0,0,1,4.367588288288288
R_2wKAJ8z0BGbIdBo,Treat2,2,1,1,34,5,16,4,Etc,1,0,0,0,1,1,0,1,4,2,4,2,0,0,0,0,0,4.367588288288288
R_2YbkzqzD2qHPvzT,Control,5,0,0,31,5,8,8,MORENA-PT-PES,0,0,0,1,2,1,0,1,0,4,4,1,0,0,0,1,1,4.16821308411215
R_BEp75IWqj2kxi1z,Treat1,4,0,1,31,7,8,5,Etc,1,0,0,0,1,1,0,1,0,2,5,3,0,0,0,0,0,4.367588288288288
R_2YbKhVFOmh8hKsk,Treat1,4,0,0,34,5,8,4,PAN-PRD-MC,0,1,0,0,3,1,0,1,0,4,4,3,0,1,0,0,1,4.16821308411215
R_2TXhYs6dt7SVKNo,Control,5,0,0,34,5,9,1,MORENA-PT-PES,0,0,0,1,3,1,0,1,0,4,4,2,0,0,0,1,1,4.16821308411215
R_1IL5rcZ5yYt6Vwg,Control,5,0,0,33,6,9,7,Etc,1,0,0,0,0,1,0,0,0,5,2,1,0,0,0,1,1,4.16821308411215
R_3PHNVAr5HEpkUFf,Treat2,4,1,0,39,5,14,5,Etc,1,0,0,0,0,0,0,0,3,4,4,3,0,0,0,0,0,4.16821308411215
R_3s06LEnzyniMsx9,Control,5,0,1,36,3,7,5,Etc,1,0,0,0,1,1,0,1,0,4,4,4,0,0,0,1,1,4.367588288288288
R_1NnscME5W4aabCf,Treat2,4,0,0,42,5,11,7,PRI-PVEM-PNA,0,0,1,0,1,1,0,0,0,5,5,4,0,0,0,0,0,4.225684916201117
R_24cU0fNMh4efk2h,Treat2,2,0,0,31,5,10,1,Etc,1,0,0,0,2,1,0,1,0,4,5,3,0,0,0,0,0,4.16821308411215
R_2xWeyUIqIhf12I9,Treat2,3,0,0,26,6,15,5,Etc,1,0,0,0,3,1,0,1,0,3,3,2,0,0,0,0,0,6.549394949494949
R_2QQjrrrM7B7rNEQ,Treat2,1,1,1,35,6,14,5,Etc,1,0,0,0,1,0,0,0,1,4,2,2,0,0,1,0,1,4.367588288288288
R_2ALjmtOIXyk0tky,Treat2,4,1,1,31,3,12,9,Etc,1,0,0,0,1,1,0,0,1,4,4,4,0,0,0,0,0,4.367588288288288
R_1k1ct0H5djqGg4t,Treat1,4,0,1,26,5,5,6,MORENA-PT-PES,0,0,0,1,2,1,0,1,0,3,5,2,0,0,0,0,0,6.530403045685278
R_oY1awcYerNCmV8Z,Control,3,0,0,21,3,9,5,Etc,1,0,0,0,0,0,0,0,0,1,1,4,0,0,0,1,1,6.549394949494949
R_Z8jRKLDk2Uzqlhf,Treat1,4,0,1,60,5,12,5,Etc,1,0,0,0,0,1,0,0,0,3,4,4,0,1,0,0,1,10.998292105263156
R_2w7wF7P59ABR8Z6,Control,5,0,0,25,5,11,8,PRI-PVEM-PNA,0,0,1,0,0,1,0,1,0,2,3,4,0,0,0,1,1,6.549394949494949
R_3I5n9HSfo0a1QU9,Control,5,0,1,45,3,4,5,Etc,1,0,0,0,0,0,0,0,0,3,3,3,0,0,0,1,1,4.95065380116959
R_1KvyUwEznjvQJ3l,Treat1,4,0,0,22,5,1,6,Etc,1,0,0,0,1,1,0,1,0,1,2,4,0,0,0,0,0,6.549394949494949
R_9oGyusbnLpR12sF,Control,4,1,0,24,3,13,5,Etc,1,0,0,0,3,1,0,1,1,4,4,2,0,0,0,1,1,6.549394949494949
R_3st3ayhkqwkixzO,Treat2,5,0,0,44,5,20,9,Etc,1,0,0,0,2,1,0,0,0,4,5,4,0,0,1,0,1,4.225684916201117
R_3fCtVBSuOT6Db60,Control,4,0,0,29,5,13,4,MORENA-PT-PES,0,0,0,1,3,1,0,1,0,4,4,2,0,0,0,1,1,6.549394949494949
R_z6cHxxCAp1Qh9GV,Treat2,5,0,0,74,6,20,8,Etc,1,0,0,0,3,1,0,0,0,5,5,3,0,0,1,0,1,10.282038888888888
R_BF05iro8GmWrmet,Treat2,3,1,1,48,2,6,4,Etc,1,0,0,0,2,0,0,0,2,3,3,3,0,0,0,0,0,4.95065380116959
R_qCrTNEPjeFqHRGV,Control,5,0,0,20,5,13,5,Etc,1,0,0,0,1,1,0,0,0,4,4,3,0,0,0,1,1,6.549394949494949
R_3LbdPndx6Mh44LM,Treat1,1,0,1,46,5,14,2,MORENA-PT-PES,0,0,0,1,3,1,0,1,0,5,5,4,0,1,0,0,1,4.95065380116959
R_1GW9qD9iYww2jfe,Treat2,5,0,1,50,4,2,7,MORENA-PT-PES,0,0,0,1,2,1,0,1,0,5,5,3,0,0,1,0,1,6.300476699029127
R_11ZMxOBzOu2RanU,Treat2,4,0,0,30,5,6,7,MORENA-PT-PES,0,0,0,1,1,1,0,1,0,5,5,2,0,0,1,0,1,4.16821308411215
R_QcTdTQVxSPl8Y7f,Control,5,0,0,42,6,11,3,PRI-PVEM-PNA,0,0,1,0,3,1,0,0,0,5,4,3,0,0,0,1,1,4.225684916201117
R_2ZCToOoVFlhgypX,Control,5,0,0,37,5,9,10,Etc,1,0,0,0,1,1,0,0,0,4,5,1,0,0,0,1,1,4.16821308411215
R_3MsZAew1pwCeAwK,Control,5,0,1,30,6,10,5,Etc,1,0,0,0,1,0,0,0,0,4,4,4,0,0,0,1,1,4.367588288288288
R_1igGJmq2n7J32k9,Treat2,4,0,0,37,6,13,5,Etc,1,0,0,0,3,1,0,0,0,4,2,4,0,0,0,0,0,4.16821308411215
R_2zBa2ERWvugPS1Z,Treat2,5,0,1,31,5,10,0,MORENA-PT-PES,0,0,0,1,0,1,0,1,0,5,5,4,0,0,0,0,0,4.367588288288288
R_1Ia7HEbvmxqFRd5,Treat2,3,1,1,47,6,20,4,Etc,1,0,0,0,2,0,0,0,2,4,1,4,0,0,1,0,1,4.95065380116959
R_2zqZ0v86mEM2KzW,Control,5,0,0,30,3,7,4,MORENA-PT-PES,0,0,0,1,2,1,0,1,0,5,4,5,0,0,0,1,1,4.16821308411215
R_3J45OS300uxTll3,Control,3,1,0,58,3,9,2,Etc,1,0,0,0,2,1,0,0,3,4,5,2,0,0,0,1,1,4.510031297709924
R_2QEWo9ZYPA5B7kJ,Control,5,1,1,34,5,9,5,MORENA-PT-PES,0,0,0,1,1,1,0,1,1,5,5,3,0,0,0,1,1,4.367588288288288
R_SIW8TpaVKFtZtK1,Treat2,5,0,0,36,5,17,10,MORENA-PT-PES,0,0,0,1,3,1,0,1,0,5,5,4,0,0,0,0,0,4.16821308411215
R_324NmV3IU9DnHEp,Treat1,4,0,1,45,3,9,5,Etc,1,0,0,0,2,0,0,0,0,5,4,4,0,0,0,0,0,4.95065380116959
R_1LOGuuLPOozWDAE,Control,5,0,0,48,5,7,1,Etc,1,0,0,0,2,1,0,1,0,4,5,1,0,0,0,1,1,4.225684916201117
R_22LjceR8ulaZYsF,Treat2,5,0,0,34,5,9,6,Etc,1,0,0,0,2,1,0,1,0,4,3,1,0,0,0,0,0,4.16821308411215
R_3oyBUetQA8Qnsvo,Treat1,4,1,0,21,4,13,5,PAN-PRD-MC,0,1,0,0,1,0,0,0,1,4,4,4,0,1,0,0,1,6.549394949494949
R_2CpNAqnfRfC9uPH,Treat2,4,0,1,47,6,9,7,Etc,1,0,0,0,3,1,0,0,0,4,4,1,0,0,1,0,1,4.95065380116959
R_xbh7HS7LVJIAHwR,Control,2,1,1,43,3,8,5,MORENA-PT-PES,0,0,0,1,0,1,0,1,4,1,5,4,0,0,0,1,1,4.95065380116959
R_3pbama60a7Srnp0,Control,5,0,1,50,5,6,5,Etc,1,0,0,0,1,0,0,0,0,4,4,4,0,0,0,1,1,6.300476699029127
R_sRaFqZZBOs6rMiZ,Control,4,0,0,30,5,7,6,Etc,1,0,0,0,1,1,0,1,0,1,1,3,0,0,0,1,1,4.16821308411215
R_3JbbrsvkBblPx1e,Control,4,0,0,41,5,12,6,MORENA-PT-PES,0,0,0,1,3,1,0,1,0,4,4,4,0,0,0,1,1,4.225684916201117
R_3qitn882tklWzPX,Treat1,4,0,0,38,5,14,5,PAN-PRD-MC,0,1,0,0,2,1,0,1,0,2,4,3,0,0,0,0,0,4.16821308411215
R_2YX0zA65c9zJjNv,Treat2,3,0,0,39,6,15,5,Etc,1,0,0,0,2,1,0,1,0,3,4,1,0,0,0,0,0,4.16821308411215
R_2TTAY79iCA6rZ90,Treat1,5,0,0,39,7,20,4,Etc,1,0,0,0,3,1,0,0,0,5,5,5,0,0,0,0,0,4.16821308411215
R_ZIysWShDZjJPkXL,Control,3,0,1,30,3,6,5,Etc,1,0,0,0,2,1,0,1,0,4,4,1,0,0,0,1,1,4.367588288288288
R_2Pd8FvD0iw0LwVz,Treat2,4,0,1,39,5,8,5,MORENA-PT-PES,0,0,0,1,1,1,0,1,0,4,5,4,0,0,0,0,0,4.367588288288288
R_1Q0hI3d9saAzVbM,Treat1,2,0,1,43,5,17,3,Etc,1,0,0,0,0,1,0,1,0,1,2,3,0,0,0,0,0,4.95065380116959
R_2urL0rbUWyPdDd1,Control,5,0,1,30,5,14,4,Etc,1,0,0,0,3,1,0,1,0,4,4,2,0,0,0,1,1,4.367588288288288
R_3afjemMFUIQEbxT,Treat2,5,0,1,29,5,20,8,PAN-PRD-MC,0,1,0,0,1,1,0,0,0,4,5,4,0,0,1,0,1,6.530403045685278
R_3Pia8Cn4etlse0i,Treat2,5,0,1,43,6,7,8,MORENA-PT-PES,0,0,0,1,0,1,0,1,0,2,5,4,0,0,0,0,0,4.95065380116959
R_1gHqJuUgo8JrbVA,Control,5,1,1,37,4,2,5,MORENA-PT-PES,0,0,0,1,3,1,0,1,2,5,5,4,0,0,0,1,1,4.367588288288288
R_3COa00Pr33g0wcF,Treat2,5,0,1,38,3,12,8,Etc,1,0,0,0,2,1,0,1,0,1,5,4,0,0,1,0,1,4.367588288288288
R_2YeIYNwXcR9FsxB,Treat2,5,0,1,53,5,12,5,MORENA-PT-PES,0,0,0,1,1,1,0,1,0,4,4,3,0,0,0,0,0,6.300476699029127
R_07LXl7Cl89PYQsp,Treat2,5,0,1,41,5,10,1,Etc,1,0,0,0,3,1,0,1,0,4,4,3,0,0,1,0,1,4.95065380116959
R_AMa3hKG6vi2uqKB,Control,2,1,1,18,3,13,6,Etc,1,0,0,0,2,0,0,0,4,5,5,2,0,0,0,1,1,6.530403045685278
R_2zUbAwr2uqSHDS5,Treat1,4,1,0,26,5,6,8,PAN-PRD-MC,0,1,0,0,2,1,0,0,1,3,3,3,0,0,0,0,0,6.549394949494949
R_3iUqNsKeL5mtCB0,Control,5,0,1,23,3,2,10,MORENA-PT-PES,0,0,0,1,1,1,0,1,0,5,5,5,0,0,0,1,1,6.530403045685278
R_2BlfgfewIiqYvFj,Control,5,0,0,32,5,8,2,MORENA-PT-PES,0,0,0,1,2,1,0,1,0,4,5,4,0,0,0,1,1,4.16821308411215
R_11XhMHsxGyGIpsb,Control,5,1,1,39,6,12,4,MORENA-PT-PES,0,0,0,1,1,1,0,1,2,4,5,4,0,0,0,1,1,4.367588288288288
R_3qmWaEgcsbBejjz,Treat1,4,1,0,29,5,10,8,MORENA-PT-PES,0,0,0,1,1,1,0,0,3,4,2,3,0,1,0,0,1,6.549394949494949
R_1kTv88vROXCsTwE,Treat2,3,0,0,28,5,8,3,Etc,1,0,0,0,1,1,0,1,0,5,4,3,0,0,1,0,1,6.549394949494949
R_pxw0tJplECVEH6N,Control,1,0,1,31,5,9,3,Etc,1,0,0,0,0,0,0,0,0,3,4,2,0,0,0,1,1,4.367588288288288
R_1gcj8DjF4jArphZ,Treat1,5,0,1,43,5,18,9,PRI-PVEM-PNA,0,0,1,0,1,1,0,0,0,4,4,1,0,1,0,0,1,4.95065380116959
R_UVGuOTFDK4ISEBX,Treat2,4,0,1,43,3,3,5,Etc,1,0,0,0,2,1,0,0,0,3,2,4,0,0,1,0,1,4.95065380116959
R_USZUD62JGhWYzhn,Control,2,0,0,54,5,10,8,Etc,1,0,0,0,0,1,0,1,0,1,3,3,0,0,0,1,1,4.510031297709924
R_1gT4myehqLEZiPD,Control,3,0,0,52,4,7,5,MORENA-PT-PES,0,0,0,1,2,1,0,1,0,4,4,2,0,0,0,1,1,4.510031297709924
R_3JmZaqPhG1Fvq3W,Treat2,4,0,1,50,6,12,6,Etc,1,0,0,0,2,1,0,0,0,4,4,4,0,0,0,0,0,6.300476699029127
R_s6cfuQLmcpGEc81,Treat1,5,0,0,27,6,19,3,MORENA-PT-PES,0,0,0,1,3,1,0,1,0,4,4,2,0,1,0,0,1,6.549394949494949
R_3QYSPspntkv5t7O,Treat1,3,1,0,40,5,9,9,MORENA-PT-PES,0,0,0,1,0,1,0,1,2,3,3,5,0,0,0,0,0,4.225684916201117
R_XXrMwAAVYTzRxjr,Treat1,4,0,0,49,5,3,7,Etc,1,0,0,0,1,0,0,0,0,3,1,2,0,0,0,0,0,4.225684916201117
R_3mgdWRvVweyq8Rg,Treat1,5,0,0,40,5,8,5,MORENA-PT-PES,0,0,0,1,1,1,0,1,0,5,5,5,0,0,0,0,0,4.225684916201117
R_3QDIIkKyRDK6mjA,Treat1,4,0,1,33,5,5,8,Etc,1,0,0,0,3,1,0,1,0,4,5,4,0,1,0,0,1,4.367588288288288
R_1q4gegyV7crMRPg,Control,4,0,1,23,5,12,1,MORENA-PT-PES,0,0,0,1,1,1,0,1,0,5,5,4,0,0,0,1,1,6.530403045685278
R_3PnL9iyDatQ2BL3,Treat2,4,0,1,34,6,12,2,MORENA-PT-PES,0,0,0,1,1,1,0,1,0,4,3,2,0,0,0,0,0,4.367588288288288
R_31NN5wK3Whu5qos,Treat2,4,0,0,32,3,8,5,Etc,1,0,0,0,0,0,0,0,0,3,4,2,0,0,0,0,0,4.16821308411215
R_29cyMnROwOOjgHY,Treat2,5,0,1,50,5,4,10,Etc,1,0,0,0,0,1,0,1,0,2,5,5,0,0,0,0,0,6.300476699029127
R_1dn3TliCfTGbZ3T,Treat1,2,1,0,56,5,9,8,PAN-PRD-MC,0,1,0,0,2,0,0,0,2,4,4,3,0,1,0,0,1,4.510031297709924
R_0I0EUYjIUsfnrSF,Treat2,5,0,0,66,6,11,5,Etc,1,0,0,0,3,1,0,0,0,3,3,4,0,0,1,0,1,4.742160256410257
R_3D1LpyOgRcPyY04,Treat2,5,0,1,35,5,10,6,Etc,1,0,0,0,3,1,0,1,0,4,5,4,0,0,0,0,0,4.367588288288288
R_sItJZDkYm1ynMIN,Treat2,4,0,1,21,5,17,5,PRI-PVEM-PNA,0,0,1,0,3,1,0,1,0,1,3,3,0,0,1,0,1,6.530403045685278
R_2yl7awiDssS2tna,Treat2,4,1,0,41,5,3,7,PAN-PRD-MC,0,1,0,0,1,1,0,1,1,4,5,4,0,0,1,0,1,4.225684916201117
R_3lPsjQ9HLfW2Nx1,Treat2,5,0,1,56,5,12,5,Etc,1,0,0,0,3,1,0,1,0,5,5,1,0,0,0,0,0,6.300476699029127
R_u2gIghBbElPFYQh,Treat1,5,0,0,54,5,9,5,MORENA-PT-PES,0,0,0,1,2,1,0,1,0,4,2,2,0,0,0,0,0,4.510031297709924
R_3pgKUp3KG1bL126,Treat2,4,1,0,33,6,8,5,PRI-PVEM-PNA,0,0,1,0,0,1,0,0,2,3,3,3,0,0,1,0,1,4.16821308411215
R_3KqvTAi9SPUmqv7,Treat1,5,0,0,42,4,9,2,MORENA-PT-PES,0,0,0,1,1,1,0,1,0,4,5,2,0,0,0,0,0,4.225684916201117
R_XTlWHczzmOh0MAp,Control,4,0,1,40,5,4,5,MORENA-PT-PES,0,0,0,1,3,1,0,1,0,5,5,4,0,0,0,1,1,4.95065380116959
R_3Pnaf65JTs2tUdo,Treat1,4,0,0,43,5,10,5,Etc,1,0,0,0,1,1,0,0,0,2,2,4,0,0,0,0,0,4.225684916201117
R_3DqkAkZdXb0Elfk,Control,4,0,1,38,5,12,6,Etc,1,0,0,0,2,1,0,1,0,4,5,2,0,0,0,1,1,4.367588288288288
R_2BghtGF9OjxR9q1,Treat1,5,0,0,48,5,12,5,Etc,1,0,0,0,2,1,0,0,0,4,4,2,0,1,0,0,1,4.225684916201117
R_2Vwm47tfsiKciKQ,Treat2,5,0,0,40,5,20,8,Etc,1,0,0,0,1,1,0,0,0,4,4,4,0,0,1,0,1,4.225684916201117
R_R3tstOhOXn0fEGJ,Treat2,5,0,1,42,5,8,7,Etc,1,0,0,0,0,1,0,0,0,4,5,3,0,0,1,0,1,4.95065380116959
R_1LGtoND9PeoS8cF,Treat1,4,0,1,48,5,11,6,Etc,1,0,0,0,1,1,0,1,0,1,3,4,0,1,0,0,1,4.95065380116959
R_AvxR4Gs9H6mqe4x,Control,5,0,0,50,5,6,9,PRI-PVEM-PNA,0,0,1,0,1,1,0,0,0,5,5,4,0,0,0,1,1,4.510031297709924
R_33dsgkHJbCoqpph,Control,5,0,1,40,5,8,5,Etc,1,0,0,0,0,0,0,0,0,1,2,2,0,0,0,1,1,4.95065380116959
R_wMgVoBCrTo1228F,Control,5,0,1,30,2,4,5,Etc,1,0,0,0,0,1,0,1,0,4,4,4,0,0,0,1,1,4.367588288288288
R_3hg1hZL7Md2waTV,Treat1,5,0,0,45,5,8,4,PAN-PRD-MC,0,1,0,0,2,1,0,1,0,4,4,4,0,1,0,0,1,4.225684916201117
R_3IRUQZsLHWJR9TS,Treat2,5,0,0,28,3,5,5,MORENA-PT-PES,0,0,0,1,0,1,0,1,0,4,4,3,0,0,1,0,1,6.549394949494949
R_22Vcq46K5JnyWXu,Treat1,5,0,1,23,3,3,2,MORENA-PT-PES,0,0,0,1,1,1,0,1,0,4,5,3,0,0,0,0,0,6.530403045685278
R_1dzEoe9FdPqtcvq,Control,4,0,1,27,2,1,5,Etc,1,0,0,0,0,0,0,0,0,3,2,4,0,0,0,1,1,6.530403045685278
R_1GTjayVCMigLPRI,Control,5,0,1,46,5,11,2,MORENA-PT-PES,0,0,0,1,0,1,0,1,0,5,5,4,0,0,0,1,1,4.95065380116959
R_1FL0J52HwaEH3Xm,Control,4,0,0,32,5,16,2,MORENA-PT-PES,0,0,0,1,3,1,0,0,0,4,4,2,0,0,0,1,1,4.16821308411215
R_1OAYuqRJJo9ZfSZ,Treat2,5,0,0,60,5,10,9,MORENA-PT-PES,0,0,0,1,1,1,0,1,0,5,5,2,0,0,0,0,0,4.742160256410257
R_24AUz7s4yywB1Sf,Control,4,0,1,56,4,4,9,Etc,1,0,0,0,0,1,0,1,0,4,4,2,0,0,0,1,1,6.300476699029127
R_1QoxoT2WUX3sKpS,Control,5,0,0,26,5,11,0,MORENA-PT-PES,0,0,0,1,2,1,0,1,0,5,5,1,0,0,0,1,1,6.549394949494949
R_2rovP9kBli3EJ4Q,Treat2,5,0,0,30,5,6,5,MORENA-PT-PES,0,0,0,1,0,1,0,1,0,5,1,4,0,0,1,0,1,4.16821308411215
R_3fuWJvMf0ZtCYRP,Treat1,4,0,1,46,4,3,6,Etc,1,0,0,0,0,1,0,1,0,1,4,4,0,1,0,0,1,4.95065380116959
R_9Zd9MabvDsqlaet,Treat2,3,1,1,48,3,6,9,PRI-PVEM-PNA,0,0,1,0,0,1,0,1,1,3,4,2,0,0,0,0,0,4.95065380116959
R_3EYDJFgd1GHLqdH,Treat2,5,0,0,35,5,9,1,MORENA-PT-PES,0,0,0,1,2,1,0,1,0,4,5,3,0,0,1,0,1,4.16821308411215
R_tPLNm66O7Tx57mF,Control,5,0,0,41,5,20,6,Etc,1,0,0,0,1,1,0,0,0,5,5,1,0,0,0,1,1,4.225684916201117
R_uvUEdkUGHTmH9yp,Treat2,3,0,1,31,5,12,5,Etc,1,0,0,0,1,1,0,1,0,3,2,2,0,0,0,0,0,4.367588288288288
R_2VvSpkp3zdavhaK,Treat2,3,0,0,41,5,9,5,Etc,1,0,0,0,2,1,0,1,0,1,5,1,0,0,1,0,1,4.225684916201117
R_2zIUwuEFySQIcv2,Treat2,5,0,0,40,5,13,5,MORENA-PT-PES,0,0,0,1,2,1,0,1,0,4,5,4,0,0,1,0,1,4.225684916201117
R_1LUtyMZ8JVV2U6O,Treat1,5,0,1,42,5,11,7,Etc,1,0,0,0,1,1,0,0,0,2,2,2,0,0,0,0,0,4.95065380116959
R_1rp5HsZIRRRzU1n,Treat1,2,0,1,47,5,13,8,Etc,1,0,0,0,1,1,0,1,0,3,4,3,0,0,0,0,0,4.95065380116959
R_6y6mAdK6XrEMivT,Treat2,5,0,1,36,4,3,5,MORENA-PT-PES,0,0,0,1,0,1,0,1,0,4,4,3,0,0,1,0,1,4.367588288288288
R_2zBXZF9zehG5nfi,Treat2,4,0,1,37,6,12,5,Etc,1,0,0,0,0,1,0,0,0,4,5,4,0,0,0,0,0,4.367588288288288
R_qPLylzZSkkACXg5,Treat2,5,1,1,34,5,7,6,Etc,1,0,0,0,0,1,0,0,4,1,1,3,0,0,1,0,1,4.367588288288288
R_vjDLGjBnvFirRxD,Control,4,0,1,38,4,2,5,Etc,1,0,0,0,2,1,0,0,0,3,2,4,0,0,0,1,1,4.367588288288288
R_2ZQYoeIS3HiezYQ,Control,5,0,1,29,5,16,7,PRI-PVEM-PNA,0,0,1,0,2,1,0,0,0,4,4,4,0,0,0,1,1,6.530403045685278
R_3QWswOSEC7GW4Jr,Treat2,4,0,1,29,5,13,6,PRI-PVEM-PNA,0,0,1,0,1,1,0,1,0,4,5,4,0,0,0,0,0,6.530403045685278
R_278yuaDJA2L5VaN,Treat1,4,0,0,33,4,5,6,Etc,1,0,0,0,0,0,0,0,0,3,4,1,0,1,0,0,1,4.16821308411215
R_1DCJuEzgokhlEyN,Treat1,3,0,1,23,3,8,5,MORENA-PT-PES,0,0,0,1,0,1,0,1,0,4,3,4,0,0,0,0,0,6.530403045685278
R_2sbikT6BlbMnWM7,Treat1,5,0,1,46,5,11,9,PRI-PVEM-PNA,0,0,1,0,3,1,0,0,0,5,5,3,0,1,0,0,1,4.95065380116959
R_PM9nuuWdnu5LF9T,Control,3,0,0,41,3,9,5,Etc,1,0,0,0,0,1,0,0,0,3,3,1,0,0,0,1,1,4.225684916201117
R_10Cz57LOsf4NfT2,Treat2,5,0,1,41,5,7,7,Etc,1,0,0,0,2,1,0,1,0,3,2,2,0,0,0,0,0,4.95065380116959
R_3iVWqYDMx3RCfnu,Treat2,5,0,1,53,3,9,0,Etc,1,0,0,0,1,1,0,1,0,3,2,1,0,0,0,0,0,6.300476699029127
R_2SIRSTZvEoxzKn1,Treat2,4,0,0,36,6,16,3,Etc,1,0,0,0,1,1,0,1,0,4,4,2,0,0,1,0,1,4.16821308411215
R_2ahPzln9vFzRMqn,Treat2,5,1,1,50,5,8,8,PRI-PVEM-PNA,0,0,1,0,0,0,0,0,2,2,2,4,0,0,1,0,1,6.300476699029127
R_3sdKCkTT64N2k38,Treat1,5,0,0,47,5,10,5,PRI-PVEM-PNA,0,0,1,0,2,1,0,0,0,5,5,5,0,1,0,0,1,4.225684916201117
R_VX1R6d9saJe0OVb,Treat1,5,0,0,28,5,20,5,MORENA-PT-PES,0,0,0,1,2,1,0,1,0,4,5,4,0,1,0,0,1,6.549394949494949
R_2ZDi5aZlrYbNR7r,Treat1,4,0,1,36,5,11,10,PRI-PVEM-PNA,0,0,1,0,0,1,0,1,0,5,5,1,0,0,0,0,0,4.367588288288288
R_1eQ5ZSZnvDJl6wW,Treat2,4,0,0,35,5,9,4,MORENA-PT-PES,0,0,0,1,1,1,0,1,0,4,5,4,0,0,1,0,1,4.16821308411215
R_yF2wmciFkiMfH7X,Treat1,4,0,1,47,6,19,5,MORENA-PT-PES,0,0,0,1,0,1,0,1,0,4,5,3,0,1,0,0,1,4.95065380116959
R_2xLcCRoHiobtYk2,Treat1,1,1,0,47,6,14,8,Etc,1,0,0,0,2,1,0,1,2,5,5,4,0,0,0,0,0,4.225684916201117
R_1qaMVmA54pYPxBR,Treat2,3,1,1,43,5,19,6,Etc,1,0,0,0,3,0,0,0,2,4,5,4,0,0,1,0,1,4.95065380116959
R_1H2R3BV4vfxFbeF,Control,2,1,0,43,6,16,6,Etc,1,0,0,0,1,1,0,1,1,4,5,2,0,0,0,1,1,4.225684916201117
R_31XArJFx8362L2r,Control,5,0,0,41,5,9,3,MORENA-PT-PES,0,0,0,1,2,1,0,1,0,5,5,3,0,0,0,1,1,4.225684916201117
R_3CBlzxrX6HuiZML,Control,3,1,1,30,5,12,5,PAN-PRD-MC,0,1,0,0,1,1,0,1,1,2,4,2,0,0,0,1,1,4.367588288288288
R_3EsxJQxotTjx95z,Treat1,5,0,0,18,5,12,5,MORENA-PT-PES,0,0,0,1,0,1,0,1,0,4,2,5,0,1,0,0,1,6.549394949494949
R_31nk3Zd9NQ6aCuj,Control,5,0,1,46,4,3,1,MORENA-PT-PES,0,0,0,1,1,1,0,1,0,5,5,5,0,0,0,1,1,4.95065380116959
R_1rMK4yZTPJsBIz6,Treat2,5,0,0,21,4,8,5,MORENA-PT-PES,0,0,0,1,0,1,0,1,0,5,5,3,0,0,0,0,0,6.549394949494949
R_3hokCOfNzMSavrr,Treat1,4,0,0,37,5,16,5,Etc,1,0,0,0,2,1,0,1,0,4,4,2,0,0,0,0,0,4.16821308411215
R_3O0SMNzwL9qcGXX,Treat2,5,0,1,23,3,5,9,MORENA-PT-PES,0,0,0,1,1,1,0,1,0,5,5,5,0,0,1,0,1,6.530403045685278
R_27U8D9cdXHauxCN,Control,5,0,1,54,5,4,9,Etc,1,0,0,0,2,1,0,1,0,5,5,4,0,0,0,1,1,6.300476699029127
R_2QFn39jNNtLuXHQ,Treat2,4,0,1,38,5,4,1,MORENA-PT-PES,0,0,0,1,3,1,0,1,0,4,5,2,0,0,1,0,1,4.367588288288288
R_1rdgZPOhBE58HQq,Treat2,5,0,0,36,5,4,4,Etc,1,0,0,0,0,1,0,1,0,5,1,1,0,0,1,0,1,4.16821308411215
R_UYqB4dt9E0FXnMJ,Treat2,5,0,0,35,5,19,8,MORENA-PT-PES,0,0,0,1,1,1,0,1,0,4,4,2,0,0,1,0,1,4.16821308411215
R_1PdPMUZVLvtNAwC,Treat1,5,0,0,47,5,11,10,Etc,1,0,0,0,1,1,0,0,0,5,3,5,0,1,0,0,1,4.225684916201117
R_1QaaJEnetjtG669,Treat2,4,0,0,40,3,7,5,Etc,1,0,0,0,2,1,0,1,0,5,5,3,0,0,1,0,1,4.225684916201117
R_3KPHW4LXvOOv18Y,Control,4,0,1,53,5,2,6,Etc,1,0,0,0,0,1,0,1,0,2,4,1,0,0,0,1,1,6.300476699029127
R_VQpOB94D72Qav3X,Treat1,4,0,0,38,6,19,8,PAN-PRD-MC,0,1,0,0,3,1,0,1,0,4,4,4,0,1,0,0,1,4.16821308411215
R_1DMVbicu9NcKnC5,Treat2,5,0,0,56,5,5,3,MORENA-PT-PES,0,0,0,1,2,1,0,1,0,5,5,4,0,0,0,0,0,4.510031297709924
R_10A8oN0keD7lwtU,Treat2,5,0,0,38,3,10,5,Etc,1,0,0,0,2,1,0,0,0,5,5,3,0,0,1,0,1,4.16821308411215
R_1Dp7ZB1f3qwtl8l,Control,4,0,0,47,5,14,3,Etc,1,0,0,0,1,1,0,1,0,1,2,4,0,0,0,1,1,4.225684916201117
R_2QtjYsaZ8cU5bBE,Control,3,0,0,43,3,16,3,MORENA-PT-PES,0,0,0,1,1,0,0,0,0,4,4,4,0,0,0,1,1,4.225684916201117
R_1eypHh7Z4mw81lp,Treat2,5,0,1,40,5,10,5,Etc,1,0,0,0,1,1,0,1,0,3,3,3,0,0,1,0,1,4.95065380116959
R_vfdxGhVxT72Wu53,Control,4,1,0,45,5,13,7,PAN-PRD-MC,0,1,0,0,3,1,0,0,1,4,4,3,0,0,0,1,1,4.225684916201117
R_2vll9ZtvMb9AN0R,Treat2,3,0,0,44,5,9,5,Etc,1,0,0,0,0,1,0,0,0,3,4,2,0,0,1,0,1,4.225684916201117
R_3iVisCLETtuHeKq,Treat2,5,0,0,50,6,16,7,PAN-PRD-MC,0,1,0,0,2,1,0,0,0,4,5,3,0,0,1,0,1,4.510031297709924
R_3JaN93eSwTtL3Ab,Treat2,5,0,1,47,3,4,10,PRI-PVEM-PNA,0,0,1,0,2,1,0,0,0,5,3,4,0,0,1,0,1,4.95065380116959
R_b7Txs67X1V0BChP,Control,5,0,0,43,5,5,4,MORENA-PT-PES,0,0,0,1,0,1,0,1,0,5,5,4,0,0,0,1,1,4.225684916201117
R_zeVnDTt12OEu4cp,Treat1,5,0,1,41,4,4,5,Etc,1,0,0,0,0,1,0,1,0,2,1,1,0,0,0,0,0,4.95065380116959
R_VQMRJG1vdkrM1Vv,Treat1,2,1,1,42,5,5,5,Etc,1,0,0,0,1,0,0,0,2,4,4,1,0,1,0,0,1,4.95065380116959
R_2CrKTqiMOVNaJWc,Treat1,5,0,0,40,5,5,8,Etc,1,0,0,0,1,1,0,1,0,1,5,3,0,0,0,0,0,4.225684916201117
R_3iVUxq2J2o6sTpU,Treat1,5,0,0,51,5,20,5,Etc,1,0,0,0,2,1,0,0,0,4,5,3,0,1,0,0,1,4.510031297709924
R_27JY8tpnFTR0PHb,Treat2,5,0,0,46,3,4,0,MORENA-PT-PES,0,0,0,1,1,1,0,1,0,5,5,5,0,0,0,0,0,4.225684916201117
R_3KNQFk1anRJ8iJn,Control,5,0,1,47,2,4,5,Etc,1,0,0,0,0,0,0,0,0,3,3,1,0,0,0,1,1,4.95065380116959
R_1GZTYP71A8ZkSe0,Control,2,0,0,40,5,12,5,Etc,1,0,0,0,2,1,0,1,0,4,5,4,0,0,0,1,1,4.225684916201117
R_yIn94nFfd56VEJz,Control,5,0,0,47,6,20,4,PRI-PVEM-PNA,0,0,1,0,2,1,0,0,0,4,5,1,0,0,0,1,1,4.225684916201117
R_1P5FUuFZ926q8qC,Control,4,0,0,49,6,12,5,Etc,1,0,0,0,3,1,0,1,0,1,4,2,0,0,0,1,1,4.225684916201117
R_PCncti1EGhuHc1b,Treat1,5,0,0,48,6,20,5,Etc,1,0,0,0,1,0,0,0,0,3,3,3,0,1,0,0,1,4.225684916201117
R_2OZ154SHmbntLPi,Control,5,0,0,43,6,14,7,PRI-PVEM-PNA,0,0,1,0,3,1,0,0,0,5,5,4,0,0,0,1,1,4.225684916201117
R_psElUaFxtFQN2Fj,Control,4,0,1,43,4,9,5,MORENA-PT-PES,0,0,0,1,2,1,0,1,0,4,5,4,0,0,0,1,1,4.95065380116959
R_2TtIheW4StZfW8D,Treat1,5,0,1,45,6,15,5,Etc,1,0,0,0,1,0,0,0,0,3,3,2,0,0,0,0,0,4.95065380116959
R_3dEbPtJtbCsZvF1,Treat2,4,1,0,48,6,4,4,Etc,1,0,0,0,0,0,0,0,1,4,4,3,0,0,0,0,0,4.225684916201117
R_UMItFaPXcCISo0N,Treat2,5,0,0,35,6,13,8,PRI-PVEM-PNA,0,0,1,0,3,1,0,0,0,4,2,3,0,0,1,0,1,4.16821308411215
R_2xRjVkMZnIMPdgZ,Treat1,4,0,0,53,5,19,5,Etc,1,0,0,0,1,1,0,0,0,3,4,4,0,1,0,0,1,4.510031297709924
R_3LcHWnkVB0H13hV,Control,4,0,1,46,5,18,7,Etc,1,0,0,0,3,1,0,0,0,5,4,3,0,0,0,1,1,4.95065380116959
R_248bgbqFa4tEd3M,Control,5,0,1,41,5,13,5,Etc,1,0,0,0,3,1,0,1,0,5,5,1,0,0,0,1,1,4.95065380116959
R_1rIn8JepLAl0rC3,Treat1,5,0,0,46,5,12,5,Etc,1,0,0,0,2,1,0,0,0,3,5,4,0,1,0,0,1,4.225684916201117
R_xFqnBCk2sj2xxFT,Control,4,0,0,38,4,6,7,PAN-PRD-MC,0,1,0,0,2,1,0,1,0,5,5,4,0,0,0,1,1,4.16821308411215
R_Rn76WsBjvC4lLzj,Control,3,0,0,40,5,5,5,Etc,1,0,0,0,0,0,0,0,0,3,3,1,0,0,0,1,1,4.225684916201117
R_2QWBcONg5fzx1UH,Treat1,5,0,0,51,5,12,5,Etc,1,0,0,0,1,1,0,0,0,5,5,4,0,0,0,0,0,4.510031297709924
R_PYyYVx2NntM3dYt,Control,1,1,1,43,5,4,5,MORENA-PT-PES,0,0,0,1,0,1,0,1,2,2,3,2,0,0,0,1,1,4.95065380116959
R_324o8hUUrM0FM9j,Control,4,0,1,51,3,3,5,MORENA-PT-PES,0,0,0,1,1,1,0,1,0,4,4,3,0,0,0,1,1,6.300476699029127
R_2Va0PSpl1mirrxy,Treat1,5,0,1,46,4,12,5,Etc,1,0,0,0,2,1,0,0,0,5,5,3,0,1,0,0,1,4.95065380116959
R_3oT9Jbyqk1A4boG,Treat1,3,1,1,56,3,10,9,Etc,1,0,0,0,1,1,0,1,4,3,2,5,0,0,0,0,0,6.300476699029127
R_1joEtIDPvTLUPRu,Control,4,0,1,45,3,7,5,Etc,1,0,0,0,1,1,0,0,0,5,3,2,0,0,0,1,1,4.95065380116959
R_ZBSvmbEvYh7XCEx,Treat2,4,0,1,45,4,6,5,Etc,1,0,0,0,1,1,0,0,0,4,4,2,0,0,0,0,0,4.95065380116959
R_BLFXyxFMn0PPALn,Treat1,2,1,1,36,5,17,7,PAN-PRD-MC,0,1,0,0,2,1,0,1,1,4,4,4,0,1,0,0,1,4.367588288288288
R_10Yt3KsqQkHJmlh,Control,5,0,1,41,2,8,6,MORENA-PT-PES,0,0,0,1,0,1,0,1,0,4,2,3,0,0,0,1,1,4.95065380116959
R_1FsNPgPhcHr23VW,Treat1,5,0,0,54,3,5,6,MORENA-PT-PES,0,0,0,1,2,1,0,1,0,5,4,4,0,0,0,0,0,4.510031297709924
R_O39MjuEZFHQCBm9,Treat2,5,0,1,55,5,20,5,MORENA-PT-PES,0,0,0,1,2,1,0,1,0,5,5,4,0,0,1,0,1,6.300476699029127
R_22Q6AiNXsl9s9G4,Control,5,0,0,51,5,6,0,MORENA-PT-PES,0,0,0,1,2,1,0,1,0,5,5,1,0,0,0,1,1,4.510031297709924
R_aV6mScVEz03wBZn,Treat1,5,0,0,59,5,20,10,PRI-PVEM-PNA,0,0,1,0,2,1,0,0,0,5,5,4,0,0,0,0,0,4.510031297709924
R_86qgyCgRILoWQ9j,Treat2,5,0,0,42,5,10,5,Etc,1,0,0,0,1,0,0,0,0,3,3,2,0,0,1,0,1,4.225684916201117
R_3QQX88LLYQTMzDn,Control,5,0,0,51,6,10,0,MORENA-PT-PES,0,0,0,1,1,1,0,1,0,5,5,2,0,0,0,1,1,4.510031297709924
R_usSshF52MtVRHXz,Treat2,2,1,0,53,4,20,6,Etc,1,0,0,0,2,1,0,1,1,5,5,4,0,0,1,0,1,4.510031297709924
R_WoOiwyvRKzGX9bH,Control,5,0,0,43,5,5,2,MORENA-PT-PES,0,0,0,1,3,1,0,1,0,1,2,3,0,0,0,1,1,4.225684916201117
R_3IW8v1MBU4DmrBl,Control,5,0,0,46,5,7,5,MORENA-PT-PES,0,0,0,1,2,1,0,1,0,3,4,4,0,0,0,1,1,4.225684916201117
R_3KDczyOouPCFvxh,Control,3,0,1,38,5,4,5,Etc,1,0,0,0,0,0,0,0,0,3,3,3,0,0,0,1,1,4.367588288288288
R_3lEcCols6O5cXBk,Treat2,5,0,0,56,5,16,5,Etc,1,0,0,0,0,1,0,0,0,4,5,4,0,0,1,0,1,4.510031297709924
R_3hGYSpb6zD1vYXS,Control,4,0,0,53,5,19,4,Etc,1,0,0,0,3,1,0,0,0,4,4,2,0,0,0,1,1,4.510031297709924
R_1rALRz9tgvcOYUg,Treat2,4,0,1,47,5,9,6,MORENA-PT-PES,0,0,0,1,0,1,0,1,0,4,5,4,0,0,0,0,0,4.95065380116959
R_1EYEFQBdEHMTgLs,Treat2,5,0,1,47,5,20,5,Etc,1,0,0,0,3,1,0,1,0,5,5,3,0,0,0,0,0,4.95065380116959
R_1JJIsTZGmVV8zcr,Treat2,5,0,1,43,5,4,5,MORENA-PT-PES,0,0,0,1,2,1,0,1,0,5,5,2,0,0,0,0,0,4.95065380116959
R_XzfdAoRBLrFQJwt,Control,2,1,1,52,6,9,5,Etc,1,0,0,0,2,1,0,1,1,4,4,3,0,0,0,1,1,6.300476699029127
R_3m8ETIZgIskQaEC,Treat1,2,0,0,46,5,10,1,Etc,1,0,0,0,3,1,0,1,0,4,4,2,0,0,0,0,0,4.225684916201117
R_1MXUvEk8P3kYkbX,Control,3,1,0,51,3,7,8,MORENA-PT-PES,0,0,0,1,2,1,0,1,1,4,5,4,0,0,0,1,1,4.510031297709924
R_3NFoR3pDgpWojyZ,Treat2,4,0,0,59,5,11,6,MORENA-PT-PES,0,0,0,1,1,1,0,1,0,4,4,3,0,0,1,0,1,4.510031297709924
R_27gml0CcT4EzQ6x,Treat2,4,0,1,50,5,16,4,Etc,1,0,0,0,2,1,0,1,0,5,5,4,0,0,0,0,0,6.300476699029127
R_2cbliHUwrFDrMMr,Control,5,0,0,63,5,10,3,Etc,1,0,0,0,0,1,0,1,0,4,5,2,0,0,0,1,1,4.742160256410257
R_3h6CAGkCdRiPa9R,Treat1,5,0,0,51,7,20,0,MORENA-PT-PES,0,0,0,1,2,1,0,1,0,5,5,1,0,0,0,0,0,4.510031297709924
R_3EmRAtKyL9kOaiV,Treat2,5,0,0,63,5,9,6,PRI-PVEM-PNA,0,0,1,0,3,1,0,0,0,5,5,4,0,0,1,0,1,4.742160256410257
R_1K8B7Y6qnftYJ1y,Treat1,3,1,1,55,5,10,5,Etc,1,0,0,0,2,0,0,0,1,1,4,4,0,1,0,0,1,6.300476699029127
R_2QGnBbj4vQDL3mH,Control,5,0,0,64,5,13,6,MORENA-PT-PES,0,0,0,1,1,1,0,1,0,2,5,3,0,0,0,1,1,4.742160256410257
R_2xQOTy1dujvhW2d,Treat1,4,0,1,55,5,15,5,Etc,1,0,0,0,0,1,0,0,0,5,5,4,0,0,0,0,0,6.300476699029127
R_2ZIiB7Nf5GFRYag,Control,5,0,0,60,4,2,7,Etc,1,0,0,0,0,1,0,1,0,4,4,2,0,0,0,1,1,4.742160256410257
R_1dFfCkSiAOEX7GQ,Treat1,4,0,0,56,5,3,5,Etc,1,0,0,0,2,1,0,1,0,5,5,2,0,0,0,0,0,4.510031297709924
R_2tnTGyAUGgvHhCz,Control,5,0,1,54,3,3,6,Etc,1,0,0,0,0,1,0,0,0,1,4,2,0,0,0,1,1,6.300476699029127
R_31yAtyNvbaR5W4u,Treat2,5,0,1,54,3,5,6,Etc,1,0,0,0,1,1,0,0,0,2,2,2,0,0,1,0,1,6.300476699029127
R_1GwaNqONcb8IIsQ,Treat1,4,0,0,63,5,12,7,Etc,1,0,0,0,2,1,0,0,0,2,3,5,0,0,0,0,0,4.742160256410257
R_4YDnNYDeSqa1fhL,Treat1,5,0,0,58,5,11,2,MORENA-PT-PES,0,0,0,1,1,1,0,1,0,5,5,4,0,1,0,0,1,4.510031297709924
R_1pXKjakQmIbKcrQ,Treat1,5,0,0,56,2,8,2,MORENA-PT-PES,0,0,0,1,1,1,0,1,0,4,2,2,0,0,0,0,0,4.510031297709924
R_6ERFhImrDjMM6g9,Treat2,2,0,0,56,4,3,6,Etc,1,0,0,0,1,1,0,1,0,4,2,2,0,0,0,0,0,4.510031297709924
R_3QSEX5xY6f0ersd,Treat1,1,1,0,50,5,6,5,Etc,1,0,0,0,3,1,0,1,1,5,3,4,0,1,0,0,1,4.510031297709924
R_wMjuS7HXETIQtxL,Treat2,4,1,0,56,5,9,5,MORENA-PT-PES,0,0,0,1,0,1,0,1,1,1,3,2,0,0,1,0,1,4.510031297709924
R_3eqmP9um1u4FAZD,Treat1,5,0,0,69,6,20,5,Etc,1,0,0,0,2,1,0,0,0,3,2,3,0,1,0,0,1,4.742160256410257
R_2vZmdDNLw58F83Y,Treat1,5,0,0,52,6,20,9,Etc,1,0,0,0,2,1,0,1,0,4,5,2,0,1,0,0,1,4.510031297709924
R_BrkTeMoWsBv4Zhv,Control,5,0,0,61,5,9,9,PRI-PVEM-PNA,0,0,1,0,3,1,0,0,0,4,4,3,0,0,0,1,1,4.742160256410257
R_2pYQ71OBuzLZkVe,Treat1,5,0,0,54,5,16,9,PAN-PRD-MC,0,1,0,0,3,1,0,0,0,5,5,4,0,1,0,0,1,4.510031297709924
R_1Cm6ZSllxkOHtyZ,Treat1,5,0,0,63,5,11,5,Etc,1,0,0,0,2,1,0,1,0,1,4,2,0,0,0,0,0,4.742160256410257
R_XhNe48cmEzjAxBT,Treat2,5,0,0,58,3,6,2,MORENA-PT-PES,0,0,0,1,3,1,0,1,0,5,5,2,0,0,1,0,1,4.510031297709924
R_3I02OeENPIPrx2m,Treat2,3,0,1,50,5,8,5,PRI-PVEM-PNA,0,0,1,0,3,1,0,0,0,5,5,4,0,0,0,0,0,6.300476699029127
R_1In3fjxGVDqUeEM,Control,4,1,0,55,6,19,6,PRI-PVEM-PNA,0,0,1,0,3,1,0,1,1,5,5,2,0,0,0,1,1,4.510031297709924
R_2aUYPpjcxl5pr8e,Control,2,1,0,64,6,10,6,MORENA-PT-PES,0,0,0,1,2,1,0,1,2,4,4,4,0,0,0,1,1,4.742160256410257
R_1OjXJChO2i5XHB6,Treat2,5,0,0,50,2,3,7,MORENA-PT-PES,0,0,0,1,0,1,0,1,0,1,5,4,0,0,0,0,0,4.510031297709924
R_12zsvVgSVItJtR7,Treat2,3,0,0,55,5,1,4,Etc,1,0,0,0,1,1,0,1,0,3,4,1,0,0,1,0,1,4.510031297709924
R_28FFPZYVTFLNm7x,Control,5,0,1,58,4,12,0,MORENA-PT-PES,0,0,0,1,1,1,0,1,0,5,5,2,0,0,0,1,1,6.300476699029127
R_3Rr1CUNqj9D3U2J,Treat1,5,0,0,52,5,17,4,MORENA-PT-PES,0,0,0,1,3,1,0,1,0,4,5,2,0,0,0,0,0,4.510031297709924
R_3oXV7yiTm7WjchA,Treat1,5,0,0,62,4,8,2,MORENA-PT-PES,0,0,0,1,2,1,0,1,0,1,5,4,0,0,0,0,0,4.742160256410257
R_2fdhPsKZ4KpwayU,Treat2,4,0,1,54,5,9,7,Etc,1,0,0,0,1,1,0,1,0,3,4,2,0,0,0,0,0,6.300476699029127
R_2168SLy8RFPfowC,Control,4,1,0,54,6,16,5,Etc,1,0,0,0,0,1,0,0,2,4,4,4,0,0,0,1,1,4.510031297709924
R_1ClTwq0PeJU5zvm,Treat1,3,0,1,67,4,1,5,Etc,1,0,0,0,1,1,0,0,0,3,3,1,0,0,0,0,0,10.998292105263156
R_1rvjL10ge6fAanm,Treat1,5,0,0,57,5,12,4,Etc,1,0,0,0,2,1,0,1,0,5,5,2,0,1,0,0,1,4.510031297709924
R_2dXAra4aWuoMBNl,Treat2,3,0,0,65,6,17,5,Etc,1,0,0,0,1,0,0,0,0,3,3,1,0,0,0,0,0,4.742160256410257
R_1Kvc5L2EbdkQtzl,Control,4,0,0,54,6,4,7,MORENA-PT-PES,0,0,0,1,2,1,0,1,0,4,4,4,0,0,0,1,1,4.510031297709924
R_tVUHBP5UoKON9Pb,Treat1,5,0,0,50,7,11,4,Etc,1,0,0,0,2,1,0,1,0,4,5,2,0,1,0,0,1,4.510031297709924
R_3jeeU1vKdTB5Ndw,Control,1,0,1,56,5,20,8,Etc,1,0,0,0,0,0,0,0,0,5,2,2,0,0,0,1,1,6.300476699029127
R_2thXPyHmFujE9WY,Treat1,5,0,0,65,5,9,4,Etc,1,0,0,0,1,1,0,1,0,3,5,3,0,1,0,0,1,4.742160256410257
R_3htJCAvNkQirXm1,Treat1,5,0,1,61,6,14,5,Etc,1,0,0,0,2,1,0,0,0,4,4,2,0,1,0,0,1,10.998292105263156
R_0fh8ry5uMRy2vXH,Treat2,5,0,1,55,4,11,5,Etc,1,0,0,0,0,1,0,0,0,4,4,3,0,0,0,0,0,6.300476699029127
R_1gRsyLaojaKAYQc,Treat1,2,1,0,57,3,12,5,Etc,1,0,0,0,0,1,0,1,1,3,4,2,0,1,0,0,1,4.510031297709924
R_27U0aMh3dJYSFTG,Treat1,5,0,0,51,3,6,0,MORENA-PT-PES,0,0,0,1,2,1,0,1,0,5,5,4,0,1,0,0,1,4.510031297709924
R_VR0gagafiEJUK6B,Treat2,5,0,0,82,5,9,4,Etc,1,0,0,0,2,1,0,0,0,4,5,2,0,0,1,0,1,23.33073333333333
R_24DdUJUWSZ0l8jY,Control,5,0,0,51,5,10,4,MORENA-PT-PES,0,0,0,1,3,1,0,1,0,5,5,1,0,0,0,1,1,4.510031297709924
R_3hnMoJyiEGDwGFC,Control,5,0,0,60,5,11,7,Etc,1,0,0,0,3,1,0,0,0,1,4,2,0,0,0,1,1,4.742160256410257
R_sR8bv8xGhpc1q0x,Control,5,0,0,50,6,18,4,MORENA-PT-PES,0,0,0,1,3,1,0,1,0,4,3,2,0,0,0,1,1,4.510031297709924
R_1eXIWSqZBTXb2ja,Control,5,0,1,54,4,6,9,PRI-PVEM-PNA,0,0,1,0,1,1,0,0,0,5,5,5,0,0,0,1,1,6.300476699029127
R_ZxEB1cu9NPYgVk5,Treat2,1,1,0,52,5,16,3,Etc,1,0,0,0,3,1,0,1,1,4,4,4,0,0,1,0,1,4.510031297709924
R_2YlzgBVZtciOXFO,Control,4,0,0,51,5,9,5,Etc,1,0,0,0,0,1,0,1,0,2,5,2,0,0,0,1,1,4.510031297709924
R_2R1YKfAC34lyJar,Treat2,1,1,0,70,5,5,5,Etc,1,0,0,0,2,1,0,0,2,5,1,1,0,0,1,0,1,10.282038888888888
R_3qeXRGmHKXmpLRa,Treat2,5,0,0,65,6,18,5,Etc,1,0,0,0,2,1,0,0,0,3,4,3,0,0,0,0,0,4.742160256410257
R_3CP0Iom6oDLZo49,Treat2,1,1,0,60,5,4,9,PRI-PVEM-PNA,0,0,1,0,2,1,0,0,3,5,5,4,0,0,1,0,1,4.742160256410257
R_2zFJHdcLEtp9a08,Treat1,3,0,0,50,5,4,5,Etc,1,0,0,0,0,1,0,0,0,3,1,1,0,1,0,0,1,4.510031297709924
R_2BkXYCWvoFAsyT8,Control,5,1,1,56,5,11,5,Etc,1,0,0,0,2,1,0,0,0,3,5,4,0,0,0,1,1,6.300476699029127
R_1jNTa7CQjUUP4H4,Control,5,0,1,54,6,20,7,Etc,1,0,0,0,2,1,0,0,0,5,4,3,0,0,0,1,1,6.300476699029127
R_vjehemSitFg6GZ3,Treat1,2,0,0,72,5,7,8,Etc,1,0,0,0,0,1,0,1,0,5,4,4,0,0,0,0,0,10.282038888888888
R_3qvvubUsDETyqsx,Treat2,5,0,0,62,3,14,0,MORENA-PT-PES,0,0,0,1,3,1,0,1,0,5,5,1,0,0,0,0,0,4.742160256410257
R_3nMGphE9ARTvW5A,Treat2,5,0,0,37,5,16,3,Etc,1,0,0,0,3,1,0,1,0,5,5,1,0,0,1,0,1,4.16821308411215
R_1Cd8CCDW9mK27Sy,Treat2,5,1,1,54,4,13,10,Etc,1,0,0,0,2,0,0,0,1,5,3,5,0,0,1,0,1,6.300476699029127
R_BsxkzII1aTuULXr,Treat2,3,0,1,52,5,11,5,Etc,1,0,0,0,0,1,0,1,0,4,5,3,0,0,1,0,1,6.300476699029127
R_3I0u47HM8QOI5Gq,Control,5,0,0,53,5,4,7,MORENA-PT-PES,0,0,0,1,3,1,0,1,0,5,5,2,0,0,0,1,1,4.510031297709924
R_3fDAfh8Rf4nttKB,Control,4,0,0,54,5,16,8,Etc,1,0,0,0,0,1,0,0,0,4,5,4,0,0,0,1,1,4.510031297709924
R_28Tfc3vpqbPxkjG,Treat1,5,0,0,71,6,18,7,Etc,1,0,0,0,2,1,0,0,0,5,5,2,0,1,0,0,1,10.282038888888888
R_2mEWT6RZY8phFtL,Treat1,5,0,0,50,7,19,4,MORENA-PT-PES,0,0,0,1,2,1,0,1,0,5,5,2,0,1,0,0,1,4.510031297709924
R_1Du8EGDRNg8POAE,Treat1,5,0,0,67,5,5,4,MORENA-PT-PES,0,0,0,1,2,1,0,1,0,5,5,2,0,0,0,0,0,4.742160256410257
R_1go06xzyGTp0UvV,Control,5,0,1,48,5,14,1,MORENA-PT-PES,0,0,0,1,2,1,0,1,0,5,5,4,0,0,0,1,1,4.95065380116959
R_25SDK2sVdI1nLAP,Treat1,3,1,0,57,5,6,5,Etc,1,0,0,0,2,1,0,0,3,4,5,3,0,1,0,0,1,4.510031297709924
R_1NCkQyxpoy7DlVx,Treat1,4,0,1,51,4,2,5,MORENA-PT-PES,0,0,0,1,1,1,0,1,0,4,4,4,0,1,0,0,1,6.300476699029127
R_2UVfc8xvJ3ZIcSH,Treat2,5,0,0,58,5,14,0,MORENA-PT-PES,0,0,0,1,2,1,0,1,0,5,5,1,0,0,1,0,1,4.510031297709924
R_ddve93vkWGZMpCV,Treat2,4,0,1,58,5,14,5,Etc,1,0,0,0,0,1,0,1,0,5,5,4,0,0,0,0,0,6.300476699029127
R_3NOlN1FQcPNQcgn,Treat2,5,0,0,56,5,4,4,MORENA-PT-PES,0,0,0,1,2,1,0,1,0,5,5,2,0,0,1,0,1,4.510031297709924
R_2aE9EGvYedagSnM,Control,3,0,0,39,6,13,5,Etc,1,0,0,0,2,1,0,1,0,1,1,2,0,0,0,1,1,4.16821308411215
R_10SZxlqw6m5otyK,Treat2,5,0,1,65,4,8,5,Etc,1,0,0,0,2,0,0,0,0,3,3,3,0,0,1,0,1,10.998292105263156
R_3qUodLSmfufKLE0,Treat1,5,0,1,28,3,7,2,MORENA-PT-PES,0,0,0,1,3,1,0,1,0,5,4,2,0,0,0,0,0,6.530403045685278
R_1cUK3go103JFxWf,Treat1,3,1,0,22,3,2,6,MORENA-PT-PES,0,0,0,1,0,0,0,0,3,5,5,2,0,0,0,0,0,6.549394949494949
R_3e3lOr9aT8AOGGc,Treat1,5,0,1,58,3,3,5,MORENA-PT-PES,0,0,0,1,0,1,0,1,0,5,5,2,0,0,0,0,0,6.300476699029127
R_2SCbNCMec20KbDE,Treat1,4,0,1,23,3,3,9,Etc,1,0,0,0,0,1,0,1,0,5,3,4,0,0,0,0,0,6.530403045685278
R_3PyKWfZnD4WIycO,Treat2,1,1,1,37,5,7,7,PAN-PRD-MC,0,1,0,0,1,1,0,1,1,3,4,4,0,0,0,0,0,4.367588288288288
R_3NLhd7uvDD0jftA,Control,4,0,1,58,6,19,5,Etc,1,0,0,0,2,1,0,1,0,4,5,4,0,0,0,1,1,6.300476699029127
R_1n6AltFOcAZUED0,Treat1,4,0,0,31,5,7,5,Etc,1,0,0,0,3,1,0,1,0,4,4,1,0,0,0,0,0,4.16821308411215
R_8Dg331kPFM29qTf,Treat2,3,0,1,25,4,6,9,Etc,1,0,0,0,1,1,0,1,0,3,2,1,0,0,0,0,0,6.530403045685278
R_1js91jRLib7th9W,Control,3,0,0,24,5,13,6,PAN-PRD-MC,0,1,0,0,1,1,0,0,0,3,4,2,0,0,0,1,1,6.549394949494949
R_20V8xptNK6N2pWb,Control,5,0,1,43,3,4,0,MORENA-PT-PES,0,0,0,1,3,1,0,1,0,5,5,1,0,0,0,1,1,4.95065380116959
R_2tGdsGSEGYrjXox,Treat2,5,0,0,19,5,8,10,Etc,1,0,0,0,1,1,0,0,0,5,5,3,0,0,1,0,1,6.549394949494949
R_1jPcz526jSURayR,Treat2,4,1,0,21,3,5,8,MORENA-PT-PES,0,0,0,1,0,0,0,0,3,3,5,3,0,0,0,0,0,6.549394949494949
R_3fisfA6BX4iJ1W1,Treat1,4,0,0,30,5,10,8,PAN-PRD-MC,0,1,0,0,3,1,0,0,0,4,5,4,0,0,0,0,0,4.16821308411215
R_1msLoOvV8JQIez7,Control,4,0,1,23,3,3,7,Etc,1,0,0,0,0,1,0,1,0,4,5,5,0,0,0,1,1,6.530403045685278
R_Xn2CcB0adyeUkgh,Treat2,5,0,0,27,5,13,2,MORENA-PT-PES,0,0,0,1,2,1,0,1,0,4,4,4,0,0,1,0,1,6.549394949494949
R_24uA4AesVfe2yuG,Control,4,0,1,23,5,11,3,Etc,1,0,0,0,3,1,0,0,0,3,4,2,0,0,0,1,1,6.530403045685278
R_3PXGxPSNAo5dHDR,Treat2,5,0,0,28,6,16,4,Etc,1,0,0,0,0,1,0,1,0,4,5,2,0,0,0,0,0,6.549394949494949
R_RJjQchx30kLH0Ep,Treat2,5,0,1,32,5,10,3,Etc,1,0,0,0,1,1,0,1,0,5,2,1,0,0,0,0,0,4.367588288288288
R_3EYiv0h4TSNJHXl,Treat2,5,0,0,18,5,6,4,Etc,1,0,0,0,1,1,0,1,0,4,4,4,0,0,1,0,1,6.549394949494949
R_3lG4g4W0fcVf1Sh,Control,2,1,0,39,5,8,5,Etc,1,0,0,0,1,1,0,1,2,3,2,4,0,0,0,1,1,4.16821308411215
R_1C1Rcv80VaZxm8T,Control,5,1,1,22,5,5,5,Etc,1,0,0,0,0,1,0,1,1,4,4,4,0,0,0,1,1,6.530403045685278
R_wO6F8BcfMa21PC9,Treat1,5,0,1,38,5,5,5,MORENA-PT-PES,0,0,0,1,1,1,0,1,0,2,5,4,0,0,0,0,0,4.367588288288288
R_3rPyhBrJICGa8hX,Treat1,5,1,0,18,3,3,6,Etc,1,0,0,0,1,0,0,0,3,4,1,4,0,0,0,0,0,6.549394949494949
R_21AK3WXglPctDjE,Treat2,5,0,0,20,3,5,1,Etc,1,0,0,0,1,1,0,1,0,2,1,5,0,0,0,0,0,6.549394949494949
R_10MzkVwo1S6OJBI,Treat1,1,1,1,34,5,5,5,Etc,1,0,0,0,2,1,0,1,4,4,5,4,0,0,0,0,0,4.367588288288288
R_1LSV3ed1nh7pXNN,Treat2,4,0,0,28,5,19,8,MORENA-PT-PES,0,0,0,1,1,1,0,1,0,4,5,3,0,0,1,0,1,6.549394949494949
R_1NhtZT6JZjnn5Rs,Treat1,2,1,1,28,5,2,3,MORENA-PT-PES,0,0,0,1,2,1,0,1,1,2,4,2,0,1,0,0,1,6.530403045685278
R_2EyPPq1uwtF4OW6,Control,5,0,0,45,5,9,7,Etc,1,0,0,0,2,1,0,0,0,5,5,3,0,0,0,1,1,4.225684916201117
R_1NqPFbisG23E8N9,Control,3,0,0,37,3,9,6,Etc,1,0,0,0,2,1,0,1,0,4,4,4,0,0,0,1,1,4.16821308411215
R_2U4TTv907fBLAgv,Treat2,4,0,1,41,5,5,8,PAN-PRD-MC,0,1,0,0,2,1,0,1,0,4,4,3,0,0,1,0,1,4.95065380116959
R_u1RnOTvNGvWZdyp,Treat2,5,0,0,23,2,7,6,Etc,1,0,0,0,1,1,0,1,0,5,4,2,0,0,0,0,0,6.549394949494949
R_27dRm5iaXWnIHPJ,Treat2,1,1,1,39,5,2,6,Etc,1,0,0,0,2,1,0,1,2,3,3,2,0,0,1,0,1,4.367588288288288
R_2WVlFEQyd4hUUhw,Treat1,5,0,0,25,5,5,3,Etc,1,0,0,0,3,1,0,1,0,4,5,4,0,0,0,0,0,6.549394949494949
R_xn0DVPxNUqP5ELn,Treat2,5,0,1,38,6,12,5,MORENA-PT-PES,0,0,0,1,3,1,0,1,0,5,5,2,0,0,0,0,0,4.367588288288288
R_0P1AWWgkIE6qEBX,Treat2,5,0,1,63,5,4,5,Etc,1,0,0,0,0,1,0,0,0,5,5,2,0,0,0,0,0,10.998292105263156
R_3ke74xdRKIX21hm,Control,4,0,1,39,5,11,8,MORENA-PT-PES,0,0,0,1,3,1,0,1,0,4,2,2,0,0,0,1,1,4.367588288288288
R_O1ZVInCXubXN5ap,Treat2,5,0,0,39,5,16,5,PRI-PVEM-PNA,0,0,1,0,1,1,0,0,0,4,4,2,0,0,1,0,1,4.16821308411215
R_210qXNRLB5ugrfB,Control,4,0,0,23,2,1,7,Etc,1,0,0,0,2,1,0,1,0,4,4,4,0,0,0,1,1,6.549394949494949
R_1DwlxusFABvoLaM,Treat2,5,0,0,22,3,2,2,MORENA-PT-PES,0,0,0,1,3,1,0,1,0,5,5,4,0,0,1,0,1,6.549394949494949
R_puDZc4zw2Xq4cmZ,Treat1,5,0,0,24,5,2,5,MORENA-PT-PES,0,0,0,1,0,1,0,1,0,1,5,4,0,0,0,0,0,6.549394949494949
R_1UeVDPG0IO1mUyB,Treat1,5,0,0,67,5,4,4,Etc,1,0,0,0,2,1,0,0,0,5,5,2,0,1,0,0,1,4.742160256410257
R_bBAERdiBRfJXc1r,Treat1,4,0,0,43,3,5,7,Etc,1,0,0,0,1,1,0,1,0,4,3,4,0,1,0,0,1,4.225684916201117
R_3fTuJtOMjHFBIHj,Control,1,1,0,26,2,4,5,MORENA-PT-PES,0,0,0,1,1,1,0,1,4,5,5,1,0,0,0,1,1,6.549394949494949
R_3fCYbi5yINBtO1i,Control,3,1,0,61,5,20,8,Etc,1,0,0,0,2,0,0,0,1,2,4,3,0,0,0,1,1,4.742160256410257
R_SN0Dl0Aee0pn7Nf,Treat1,2,1,1,61,3,8,5,MORENA-PT-PES,0,0,0,1,1,1,0,1,2,1,2,3,0,0,0,0,0,10.998292105263156
R_2wcpogdRfAihjKA,Treat2,5,0,0,69,6,20,5,Etc,1,0,0,0,2,1,0,0,0,5,5,4,0,0,1,0,1,4.742160256410257
R_OIq9jjqDvNC59Rf,Control,5,0,0,63,5,15,3,MORENA-PT-PES,0,0,0,1,1,1,0,1,0,5,5,1,0,0,0,1,1,4.742160256410257
R_2qEH48w314ne15f,Treat1,1,1,0,64,5,20,4,PAN-PRD-MC,0,1,0,0,1,1,0,1,2,5,5,4,0,0,0,0,0,4.742160256410257
R_8wuev1gdui1RyI9,Treat1,5,0,1,36,3,6,7,Etc,1,0,0,0,1,1,0,1,0,2,4,4,0,1,0,0,1,4.367588288288288
R_NXUhXDbRBVNcWSl,Control,5,0,1,60,5,11,6,Etc,1,0,0,0,1,1,0,0,0,4,4,2,0,0,0,1,1,10.998292105263156
R_2ypYeWsTmBjVfww,Treat1,5,0,1,62,5,2,0,MORENA-PT-PES,0,0,0,1,1,1,0,1,0,5,5,1,0,0,0,0,0,10.998292105263156
R_3fxkCW3rHyj0qa9,Control,5,0,0,49,5,6,5,Etc,1,0,0,0,2,1,0,0,0,3,5,3,0,0,0,1,1,4.225684916201117
R_12SA2PmIuZJjrNM,Treat1,5,0,0,60,6,5,1,MORENA-PT-PES,0,0,0,1,1,1,0,1,0,5,5,1,0,0,0,0,0,4.742160256410257
R_1Hi8XJyd5UVcDJE,Treat1,5,0,1,61,6,6,7,PAN-PRD-MC,0,1,0,0,0,1,0,0,0,5,5,4,0,0,0,0,0,10.998292105263156
R_3TNuYjRi65p8TCx,Control,4,1,1,58,2,8,1,PRI-PVEM-PNA,0,0,1,0,2,1,0,0,4,4,5,3,0,0,0,1,1,6.300476699029127
R_3vzU5fwGtsj3NAd,Control,2,0,0,61,5,5,5,Etc,1,0,0,0,0,1,0,1,0,4,4,3,0,0,0,1,1,4.742160256410257
R_2zcqzCHswoiC3WL,Treat2,5,1,0,47,5,8,5,Etc,1,0,0,0,2,1,0,1,1,3,2,3,0,0,1,0,1,4.225684916201117
R_3iKe6fRT1ft1sYa,Treat2,5,0,1,59,4,11,8,PAN-PRD-MC,0,1,0,0,2,1,0,0,0,3,3,4,0,0,1,0,1,6.300476699029127
R_2ahv4cV3PmfI44U,Treat1,3,0,0,67,5,7,5,Etc,1,0,0,0,3,0,0,0,0,5,5,3,0,1,0,0,1,4.742160256410257
R_1f2GO0RUED5CoSf,Treat2,2,0,1,45,5,14,8,Etc,1,0,0,0,1,0,0,0,0,4,4,1,0,0,0,0,0,4.95065380116959
R_3m2D5n2YI6Bs12n,Treat1,3,0,0,79,5,13,7,Etc,1,0,0,0,0,0,0,0,0,4,4,4,0,0,0,0,0,10.282038888888888
R_3oRVaQkVfb3pokG,Treat1,5,0,1,56,5,8,9,Etc,1,0,0,0,2,1,0,1,0,4,3,2,0,1,0,0,1,6.300476699029127
R_1lzWo7qp3aYvY5U,Treat1,5,0,0,66,5,2,5,Etc,1,0,0,0,0,0,0,0,0,3,3,3,0,1,0,0,1,4.742160256410257
R_utfAZAPOLHtmWkx,Treat2,5,0,1,50,4,5,7,PAN-PRD-MC,0,1,0,0,0,1,0,1,0,4,5,4,0,0,1,0,1,6.300476699029127
R_11XSntw9WT1Om2d,Treat2,4,1,1,27,5,9,5,Etc,1,0,0,0,2,1,0,0,2,4,5,4,0,0,0,0,0,6.530403045685278
R_2lQ19Goc6AZ6iPv,Treat1,5,0,1,52,5,13,7,Etc,1,0,0,0,1,1,0,0,0,4,5,2,0,1,0,0,1,6.300476699029127
R_3O92gDYB1hjvda9,Treat2,5,0,1,71,5,11,3,Etc,1,0,0,0,2,1,0,1,0,2,5,1,0,0,0,0,0,74.38926666666667
R_28VcwpV5Zxn8JXD,Treat1,4,1,1,61,2,16,6,PAN-PRD-MC,0,1,0,0,0,0,0,0,3,1,1,3,0,1,0,0,1,10.998292105263156
R_2OVJePUXA73tmEC,Control,5,0,1,51,4,2,5,MORENA-PT-PES,0,0,0,1,1,1,0,1,0,4,4,3,0,0,0,1,1,6.300476699029127
R_2UcrKIj9S6VLklu,Treat1,5,0,0,62,6,20,4,MORENA-PT-PES,0,0,0,1,2,1,0,1,0,5,5,2,0,0,0,0,0,4.742160256410257
R_3GkPnOfBA7G22HF,Treat1,5,0,0,65,6,10,5,Etc,1,0,0,0,1,1,0,0,0,5,5,2,0,0,0,0,0,4.742160256410257
R_2E01zFzE8ADT7aZ,Treat2,2,1,1,61,3,8,8,PAN-PRD-MC,0,1,0,0,1,1,0,1,2,4,5,5,0,0,1,0,1,10.998292105263156
R_2CPcJ9djMAFflDD,Control,5,0,1,53,5,3,4,MORENA-PT-PES,0,0,0,1,1,1,0,1,0,4,4,1,0,0,0,1,1,6.300476699029127
R_2SdGsYKFQuFNLO2,Treat2,5,0,1,53,4,2,7,Etc,1,0,0,0,1,1,0,0,0,2,3,4,0,0,1,0,1,6.300476699029127
R_3G6T3FTnfmSkQSj,Control,5,0,1,54,5,2,0,MORENA-PT-PES,0,0,0,1,0,1,0,1,0,5,5,2,0,0,0,1,1,6.300476699029127
R_3CTaqTvt7IRHY3n,Control,5,0,1,53,5,20,8,PRI-PVEM-PNA,0,0,1,0,1,1,0,0,0,5,5,5,0,0,0,1,1,6.300476699029127
R_1PejpVIsGvC9kxo,Treat1,4,0,0,60,5,15,7,Etc,1,0,0,0,2,1,0,0,0,4,5,1,0,1,0,0,1,4.742160256410257
R_p4VLylzvO8xmz61,Treat1,4,0,0,63,5,16,5,MORENA-PT-PES,0,0,0,1,2,1,0,1,0,4,4,4,0,0,0,0,0,4.742160256410257
R_UnWWQbhW9tEckOR,Treat1,1,1,0,67,5,7,4,Etc,1,0,0,0,2,1,0,0,3,1,1,2,0,1,0,0,1,4.742160256410257
R_2D1Fen8f7gftEHe,Treat2,4,1,1,44,6,15,5,MORENA-PT-PES,0,0,0,1,1,1,0,1,2,4,4,4,0,0,1,0,1,4.95065380116959
R_1JD6Dj4Ui9R652u,Treat2,1,1,0,20,5,10,7,Etc,1,0,0,0,0,0,0,0,3,4,5,4,0,0,1,0,1,6.549394949494949
R_wMeh08PFuD3C9FL,Control,1,1,1,30,5,15,5,Etc,1,0,0,0,0,1,0,1,1,3,5,1,0,0,0,1,1,4.367588288288288
R_12tG0i63zT0lyta,Treat1,4,0,1,28,5,11,6,PAN-PRD-MC,0,1,0,0,2,1,0,1,0,1,3,3,0,1,0,0,1,6.530403045685278
R_27qm9aOvp0GoRdN,Treat2,5,1,0,35,5,13,5,PRI-PVEM-PNA,0,0,1,0,1,1,0,1,2,1,4,2,0,0,1,0,1,4.16821308411215
R_2TpfvqHm1NJOAlN,Control,5,0,1,29,3,8,7,PRI-PVEM-PNA,0,0,1,0,1,1,0,0,0,5,5,4,0,0,0,1,1,6.530403045685278
R_3nNuGl80g0Nv58i,Treat1,4,0,1,40,4,6,0,MORENA-PT-PES,0,0,0,1,1,1,0,1,0,4,4,1,0,0,0,0,0,4.95065380116959
R_pDHQ0EwG5m2a5kB,Control,5,0,0,22,4,4,5,Etc,1,0,0,0,0,1,0,0,0,4,4,4,0,0,0,1,1,6.549394949494949
R_pAHTxPnN0i859Yt,Control,4,0,0,31,5,18,2,MORENA-PT-PES,0,0,0,1,1,1,0,1,0,5,5,2,0,0,0,1,1,4.16821308411215
R_27WCXSwC5L0jPEs,Control,2,1,0,39,5,5,5,PRI-PVEM-PNA,0,0,1,0,2,1,0,1,2,5,5,1,0,0,0,1,1,4.16821308411215
R_e2J8afovT2d2Xbb,Control,3,0,0,38,5,14,2,MORENA-PT-PES,0,0,0,1,1,1,0,1,0,4,5,3,0,0,0,1,1,4.16821308411215
R_3HpEwTgN6uZGcU9,Control,5,0,1,29,5,20,3,MORENA-PT-PES,0,0,0,1,3,1,0,1,0,5,5,4,0,0,0,1,1,6.530403045685278
R_wTXQjKeI5hiJIAx,Treat1,1,1,0,42,4,7,8,Etc,1,0,0,0,0,0,0,0,3,3,3,3,0,0,0,0,0,4.225684916201117
R_21aEjco3zDUkmUv,Treat2,5,0,0,40,5,10,6,MORENA-PT-PES,0,0,0,1,1,1,0,1,0,5,5,4,0,0,0,0,0,4.225684916201117
R_xbemjfUeFP7aJrz,Treat2,5,0,1,38,5,6,5,PAN-PRD-MC,0,1,0,0,0,1,0,1,0,4,4,5,0,0,1,0,1,4.367588288288288
R_11bUhLxHhpc7n1G,Treat2,5,0,1,45,5,11,5,Etc,1,0,0,0,2,1,0,1,0,5,5,5,0,0,0,0,0,4.95065380116959
R_1okmgMLwzQ0FVKK,Control,2,1,0,33,5,6,3,MORENA-PT-PES,0,0,0,1,3,1,0,1,1,4,5,4,0,0,0,1,1,4.16821308411215
R_21EYeCSx8SCuxji,Treat2,5,0,0,36,5,11,7,PAN-PRD-MC,0,1,0,0,1,1,0,1,0,4,5,4,0,0,1,0,1,4.16821308411215
R_xl345oxY8GA22Tn,Control,4,0,1,25,3,3,8,Etc,1,0,0,0,0,1,0,1,0,4,1,3,0,0,0,1,1,6.530403045685278
R_3CJUnyFIdshwahg,Treat1,5,0,0,29,5,4,10,MORENA-PT-PES,0,0,0,1,1,1,0,0,0,4,5,2,0,1,0,0,1,6.549394949494949
R_2WDzOoB3dzVhoH5,Control,5,0,1,22,5,9,5,Etc,1,0,0,0,2,1,0,0,0,4,4,4,0,0,0,1,1,6.530403045685278
R_1QxX3QctVMN2EQ5,Control,4,0,1,35,5,7,8,PRI-PVEM-PNA,0,0,1,0,3,1,0,0,0,2,1,1,0,0,0,1,1,4.367588288288288
R_3EgsphX2Jq4mOJX,Treat1,5,0,1,31,3,5,3,Etc,1,0,0,0,1,1,0,1,0,4,5,3,0,0,0,0,0,4.367588288288288
R_2EGf9U6FPmHMBY8,Control,5,0,1,22,3,5,7,PAN-PRD-MC,0,1,0,0,0,1,0,1,0,5,5,2,0,0,0,1,1,6.530403045685278
R_3iR6uAFL6yzIoHn,Treat2,5,0,0,36,3,4,2,MORENA-PT-PES,0,0,0,1,0,1,0,1,0,5,5,2,0,0,0,0,0,4.16821308411215
R_1FkqnqjvraX7sic,Treat2,5,1,0,22,2,3,6,MORENA-PT-PES,0,0,0,1,0,0,0,0,3,4,4,1,0,0,1,0,1,6.549394949494949
R_3iW0M6JkEqtwwWa,Control,2,1,0,21,5,7,3,PAN-PRD-MC,0,1,0,0,2,1,0,1,1,4,5,2,0,0,0,1,1,6.549394949494949
R_3MGyyIFXPCKHHqd,Control,4,0,1,33,5,12,5,Etc,1,0,0,0,2,1,0,0,0,4,5,4,0,0,0,1,1,4.367588288288288
R_2CxIW4sI4O4LBTY,Treat2,5,0,1,32,5,1,7,MORENA-PT-PES,0,0,0,1,0,1,0,1,0,5,4,2,0,0,1,0,1,4.367588288288288
R_3HhHKKukAUYEUSu,Treat2,3,0,1,20,5,4,6,MORENA-PT-PES,0,0,0,1,0,1,0,1,0,4,5,2,0,0,1,0,1,6.530403045685278
R_2qxF9JTCD4Jt1jm,Control,3,0,0,32,3,3,5,Etc,1,0,0,0,1,1,0,1,0,1,2,3,0,0,0,1,1,4.16821308411215
R_3fw3J8ANQTw1N5F,Control,5,0,0,39,5,9,4,MORENA-PT-PES,0,0,0,1,3,1,0,1,0,5,5,1,0,0,0,1,1,4.16821308411215
R_XFKZjmpxq3t1ZND,Control,5,0,0,38,5,7,7,Etc,1,0,0,0,1,1,0,1,0,5,5,4,0,0,0,1,1,4.16821308411215
R_1OGMH0A6H6QHq7b,Treat2,5,0,0,45,5,7,0,Etc,1,0,0,0,0,1,0,1,0,1,5,1,0,0,1,0,1,4.225684916201117
R_2uwfH073wy0oaNJ,Control,2,1,0,22,5,2,0,Etc,1,0,0,0,2,0,0,0,3,4,5,1,0,0,0,1,1,6.549394949494949
R_2TznZyYfIaBn3hI,Treat1,4,0,0,29,4,7,9,Etc,1,0,0,0,0,0,0,0,0,4,4,2,0,1,0,0,1,6.549394949494949
R_2yel866w0Sej7id,Treat1,5,0,0,42,5,15,5,Etc,1,0,0,0,3,1,0,0,0,5,4,2,0,1,0,0,1,4.225684916201117
R_3iVIIwk7F17zCGw,Treat2,1,1,1,33,5,6,5,Etc,1,0,0,0,1,1,0,0,3,2,5,2,0,0,0,0,0,4.367588288288288
R_3EYDhYefe2r6BFP,Treat1,5,0,1,25,5,5,3,MORENA-PT-PES,0,0,0,1,1,1,0,1,0,4,4,4,0,1,0,0,1,6.530403045685278
R_096mDd6bHocFC0h,Treat2,5,0,0,35,3,5,5,Etc,1,0,0,0,1,1,0,1,0,3,4,1,0,0,0,0,0,4.16821308411215
R_rqJu7MgZHKmrAs1,Treat2,4,0,0,25,5,10,7,MORENA-PT-PES,0,0,0,1,2,1,0,1,0,4,5,2,0,0,1,0,1,6.549394949494949
R_2PkaVs8Sp8zVF5g,Control,4,0,1,44,3,7,8,Etc,1,0,0,0,3,1,0,1,0,1,5,2,0,0,0,1,1,4.95065380116959
R_1i2RuFeeHr8CwkL,Treat2,5,0,1,35,5,11,3,MORENA-PT-PES,0,0,0,1,2,1,0,1,0,4,4,3,0,0,1,0,1,4.367588288288288
R_2rlad2yi6QzFm6E,Treat2,3,0,0,30,6,17,5,Etc,1,0,0,0,0,0,0,0,0,1,2,2,0,0,1,0,1,4.16821308411215
R_30ud1JKh4xtsaAM,Treat2,5,1,0,18,5,7,10,Etc,1,0,0,0,1,0,0,0,3,2,1,5,0,0,1,0,1,6.549394949494949
R_6rG3GOaZhpiBRwR,Treat1,4,0,1,51,4,4,5,Etc,1,0,0,0,1,1,0,0,0,5,1,2,0,0,0,0,0,6.300476699029127
R_1f8GppqkSJ2weeU,Treat2,4,0,1,20,3,2,4,Etc,1,0,0,0,1,1,0,0,0,2,3,4,0,0,0,0,0,6.530403045685278
R_3kB0McHYNWfkc0i,Control,4,1,0,18,4,13,10,Etc,1,0,0,0,1,0,0,0,3,4,4,4,0,0,0,1,1,6.549394949494949
R_3pmSKOBIfQNKOhL,Treat1,5,0,1,47,5,6,5,PAN-PRD-MC,0,1,0,0,1,1,0,0,0,1,5,4,0,0,0,0,0,4.95065380116959
R_C1uV26WJh9htBoR,Treat2,4,0,1,26,5,16,5,MORENA-PT-PES,0,0,0,1,2,1,0,1,0,3,4,4,0,0,1,0,1,6.530403045685278
R_2eRW2AnhmAm4GzY,Control,4,0,0,33,5,6,3,MORENA-PT-PES,0,0,0,1,3,1,0,1,0,5,5,4,0,0,0,1,1,4.16821308411215
R_2dL2hKr9G8FAZgA,Treat1,5,0,1,31,5,14,10,Etc,1,0,0,0,1,1,0,1,0,1,1,5,0,1,0,0,1,4.367588288288288
R_2QE8hLXRokD9G0s,Control,5,0,0,28,5,11,0,Etc,1,0,0,0,1,1,0,1,0,5,5,2,0,0,0,1,1,6.549394949494949
R_2rvdBRwqRfS3V9q,Treat2,5,0,0,25,2,3,3,MORENA-PT-PES,0,0,0,1,3,1,0,1,0,5,5,1,0,0,1,0,1,6.549394949494949
R_2Qn8PMh0g6BPqeo,Treat1,3,0,1,32,3,16,5,Etc,1,0,0,0,1,1,0,1,0,4,3,4,0,0,0,0,0,4.367588288288288
R_3hDzUVuPpO07Io3,Control,5,0,0,35,6,20,5,Etc,1,0,0,0,3,1,0,0,0,5,5,3,0,0,0,1,1,4.16821308411215
R_10Sk8e0dv85EbcS,Control,1,1,0,32,5,20,2,MORENA-PT-PES,0,0,0,1,2,0,0,0,3,1,2,1,0,0,0,1,1,4.16821308411215
R_1Do2XNmyjvEtpi7,Treat1,5,0,0,31,5,10,0,MORENA-PT-PES,0,0,0,1,3,1,0,1,0,5,5,1,0,0,0,0,0,4.16821308411215
R_2OJYx4qVyzUXWYj,Treat1,5,0,0,32,2,4,5,Etc,1,0,0,0,2,1,0,0,0,5,5,3,0,1,0,0,1,4.16821308411215
R_3eooo4fpNVYss1P,Control,4,0,0,38,5,6,3,Etc,1,0,0,0,0,1,0,1,0,4,1,2,0,0,0,1,1,4.16821308411215
R_1erSueRMOYXYO8q,Treat1,5,0,0,40,2,9,5,MORENA-PT-PES,0,0,0,1,0,1,0,1,0,5,5,5,0,0,0,0,0,4.225684916201117
R_A0zndr9Qu53SG1r,Treat2,5,0,1,27,5,13,5,PRI-PVEM-PNA,0,0,1,0,2,1,0,0,0,4,4,1,0,0,1,0,1,6.530403045685278
R_Y4deb12ULb4afEB,Treat2,4,0,1,23,5,5,5,Etc,1,0,0,0,1,1,0,1,0,2,1,2,0,0,0,0,0,6.530403045685278
R_2WZrQkY7AeTZJ94,Treat1,4,1,0,28,5,6,7,PAN-PRD-MC,0,1,0,0,1,1,0,0,3,3,3,4,0,0,0,0,0,6.549394949494949
R_10Z6u2A7qAbLDpM,Treat1,3,0,0,38,5,11,5,Etc,1,0,0,0,2,0,0,0,0,3,2,2,0,1,0,0,1,4.16821308411215
R_3CDGhQQrvgXVaPh,Treat1,5,0,0,20,3,1,5,Etc,1,0,0,0,1,1,0,0,0,1,4,1,0,0,0,0,0,6.549394949494949
R_XijehGoN2Kfg6HL,Control,5,0,0,38,3,5,0,MORENA-PT-PES,0,0,0,1,1,1,0,1,0,1,5,1,0,0,0,1,1,4.16821308411215
R_1DpONXUHPzSXDSm,Treat2,5,0,0,21,3,6,6,Etc,1,0,0,0,3,0,0,0,0,4,5,2,0,0,1,0,1,6.549394949494949
R_2Ep1Qdu8lNby05n,Control,1,0,0,18,3,9,5,Etc,1,0,0,0,1,0,0,0,0,1,2,2,0,0,0,1,1,6.549394949494949
R_27VCUaPr3brtx1U,Control,2,0,1,27,5,3,1,Etc,1,0,0,0,2,1,0,1,0,3,4,3,0,0,0,1,1,6.530403045685278
R_2P4GgrefBXp6ILX,Control,5,1,1,39,5,16,10,PAN-PRD-MC,0,1,0,0,1,1,0,1,2,4,4,5,0,0,0,1,1,4.367588288288288
R_25ToQ9FBjBr2BpH,Control,4,0,1,46,5,12,5,Etc,1,0,0,0,2,1,0,1,0,5,4,4,0,0,0,1,1,4.95065380116959
R_eA1CGO3HOD7x9zX,Control,4,0,0,32,5,5,7,Etc,1,0,0,0,2,1,0,1,0,2,5,2,0,0,0,1,1,4.16821308411215
R_82IuJpCZRWosSyJ,Treat2,5,0,0,37,5,11,8,MORENA-PT-PES,0,0,0,1,1,1,0,1,0,4,5,3,0,0,1,0,1,4.16821308411215
R_brNmOzrtdXAZDxf,Control,5,1,0,46,5,2,9,PAN-PRD-MC,0,1,0,0,3,1,0,0,1,5,5,4,0,0,0,1,1,4.225684916201117
R_2YeRuphHLnrUx1s,Treat2,5,0,1,36,5,6,4,MORENA-PT-PES,0,0,0,1,1,1,0,1,0,4,4,2,0,0,1,0,1,4.367588288288288
R_DNaj3bqn69kP0o9,Treat1,5,0,0,27,5,20,9,MORENA-PT-PES,0,0,0,1,1,1,0,1,0,1,1,5,0,0,0,0,0,6.549394949494949
R_reH9agUYpIxZitH,Treat2,4,0,0,34,4,10,5,MORENA-PT-PES,0,0,0,1,2,1,0,1,0,4,5,1,0,0,0,0,0,4.16821308411215
R_1hDQVvYVwOLIVB0,Treat2,5,0,0,33,5,14,5,Etc,1,0,0,0,3,1,0,1,0,4,1,1,0,0,0,0,0,4.16821308411215
R_28AslKuHegyxaZg,Treat2,5,0,0,24,5,10,5,Etc,1,0,0,0,1,1,0,1,0,4,4,3,0,0,0,0,0,6.549394949494949
R_31avJTbybmEK5bT,Treat1,4,0,0,24,5,6,3,MORENA-PT-PES,0,0,0,1,1,1,0,1,0,4,5,4,0,0,0,0,0,6.549394949494949
R_1Cw2WFZgumGIoye,Control,4,1,0,47,7,18,5,Etc,1,0,0,0,1,1,0,1,2,5,5,4,0,0,0,1,1,4.225684916201117
R_1NtagmRKctV7Yrl,Control,2,1,1,24,3,2,5,Etc,1,0,0,0,1,1,0,1,1,4,4,3,0,0,0,1,1,6.530403045685278
R_22VyaMYK1hKrrad,Treat2,5,0,1,36,6,6,6,Etc,1,0,0,0,1,1,0,0,0,3,4,4,0,0,1,0,1,4.367588288288288
R_3NQjbkvRuIpLO2p,Treat2,4,0,1,39,7,12,10,Etc,1,0,0,0,3,1,0,1,0,1,1,4,0,0,1,0,1,4.367588288288288
