StartDate,EndDate,Status,IPAddress,Progress,Duration (in seconds),Finished,RecordedDate,ResponseId,RecipientLastName,RecipientFirstName,RecipientEmail,ExternalReference,LocationLatitude,LocationLongitude,DistributionChannel,UserLanguage,Intro,F1,F2,F4,F3,F5,F6,C1_1,C1_2_1,C1_2_2,C2_1,C2_2_1,C2_2_2,C3_1,C3_2_1,C3_2_2,F-1-1,F-1-1-1,F-1-2,F-1-1-2,F-1-3,F-1-1-3,F-1-4,F-1-1-4,F-1-5,F-1-1-5,F-1-6,F-1-1-6,F-1-7,F-1-1-7,F-1-8,F-1-1-8,F-1-9,F-1-1-9,F-1-10,F-1-1-10,F-1-11,F-1-1-11,F-1-2-1,F-1-2-2,F-1-2-3,F-1-2-4,F-1-2-5,F-1-2-6,F-1-2-7,F-1-2-8,F-1-2-9,F-1-2-10,F-1-2-11,F-2-1,F-2-1-1,F-2-2,F-2-1-2,F-2-3,F-2-1-3,F-2-4,F-2-1-4,F-2-5,F-2-1-5,F-2-6,F-2-1-6,F-2-7,F-2-1-7,F-2-8,F-2-1-8,F-2-9,F-2-1-9,F-2-10,F-2-1-10,F-2-11,F-2-1-11,F-2-2-1,F-2-2-2,F-2-2-3,F-2-2-4,F-2-2-5,F-2-2-6,F-2-2-7,F-2-2-8,F-2-2-9,F-2-2-10,F-2-2-11,F-3-1,F-3-1-1,F-3-2,F-3-1-2,F-3-3,F-3-1-3,F-3-4,F-3-1-4,F-3-5,F-3-1-5,F-3-6,F-3-1-6,F-3-7,F-3-1-7,F-3-8,F-3-1-8,F-3-9,F-3-1-9,F-3-10,F-3-1-10,F-3-11,F-3-1-11,F-3-2-1,F-3-2-2,F-3-2-3,F-3-2-4,F-3-2-5,F-3-2-6,F-3-2-7,F-3-2-8,F-3-2-9,F-3-2-10,F-3-2-11
Start Date,End Date,Response Type,IP Address,Progress,Duration (in seconds),Finished,Recorded Date,Response ID,Recipient Last Name,Recipient First Name,Recipient Email,External Data Reference,Location Latitude,Location Longitude,Distribution Channel,User Language,"사회 문제 및 선거에 관한 여론조사



조사목적: 본 조사는 영리목적을 취하지 않으며 학술적인 목적으로만 실시됩니다. 각종 정책에 관한 유권자의 태도를 측정하고, 태도를 형성하는 요인을 밝히는 것을 조사 목적으로 하고 있습니다.



참가동의: 본 조사는 자발적인 참여에 기반하며, 응답은 1회로 제한됩니다. 조사에 참가를 희망하시는 경우, 본문 하단의 ""동의 후 조사 참여""를 선택하여 주십시오. 이는 전자서명과 동일한 효력을 가집니다. 동의하지 않으시는 분께서는 현재 페이지를 닫아주시기 바랍니다.



응답중단: 응답자에 따라서는 대답하기 어려운 질문이 있을 수도 있습니다. 혹시 질문이 불쾌하다고 생각되는 경우 언제든지 조사를 중단하실 수 있습니다. 조사 중간에 중단하시는 경우 참가비는 지불되지 않지만 그 외의 불이익은 일절 없습니다.



주의사항: 부적절한 응답은 조사결과의 질과 신뢰성을 떨어뜨립니다. 모든 질문에 대해서 부적절한 형태의 응답을 하지 않도록 협조해주시기 바랍니다.



예상 소요시간: 약 15분



위험과 이익: 본 조사의 위험성은 여러분이 일상 생활에서 경험하는 범위를 넘지 않습니다. 또한 본 조사는 특정 정책을 지지하거나 반대하기 위한 조사가 아닙니다. 여러분이 이 조사에 협력함으로써 생기는 불이익은 없으므로 안심하고 응답해주셔도 됩니다.



개인정보 취급: 응답은 응답자의 개인 신상을 알 수 없도록 통계적으로 처리됩니다. 이에 개인정보가 특정될 위험은 없습니다.



보안성: 보안성을 높이기 위한 최대한의 조치를 취하였습니다만 인터넷 서버등의 보안성은 본 조사 연구팀이 보장할 수 없습니다. 여러분의 응답 기기 (PC, 스마트폰 등) 의 보안에 따라서는 응답내용이 유출되거나 IP주소가 특정될 위험이 있습니다.



참가비: 마지막 설문까지 응답해 주신 참가자에 한하여 조사 업체 시스템을 통해 참가비가 지급될 예정입니다.



연구 책임자: 본 조사는 송재현 일본 간사이 대학 준교수와 이소자키 노리요 일본 가쿠슈인 대학 교수가 실시합니다.



문의처: 본 조사에 참여함으로서 피해를 입으셨다고 생각하시는 분은 조사 실시 업체로 문의하여 주십시오.



상기한 사항에 대하여 동의해주시는 분은 ""동의 후 조사 참여""를 선택하여 다음 페이지로 넘어가주십시오. 동의하지 않으시는 분 께서는 현재 페이지를 닫아주시기 바랍니다.",응답자님의 성별을 선택해 주십시오.,다양한 연령층의 의견 조사를 위한 항목입니다. 응답자님의 연령을 입력해주십시오.,응답자님의 최종 학력을 선택해 주십시오 (재학중인 경우를 포함합니다).,[현재의 거주지역] 현재 응답자님이 거주하고 계신 곳은 어디입니까?,[출신지] 응답자님의 출신 지역은 어디입니까?,응답자님의 연간 가구소득은 얼마나 되십니까? (가족의 월급·상여금·은행이자 모두 포함),"지금부터는 두 명의 국회의원 후보자를 보여드린 후, 평가를 부탁드리겠습니다.

문항은 3번 반복 되며 각각 다른 프로필을 보여드리겠습니다.



아래는 가상의 두 국회의원 후보자의 프로필입니다.

프로필을 주의 깊게 읽은신 후, 다음 문항에 답하여주십시오.

 


	
		
			 
			후보자1
			후보자2
		
		
			[Field-F-1-1]
			[Field-F-1-1-1]
			[Field-F-1-2-1]
		
		
			[Field-F-1-2]
			[Field-F-1-1-2]
			[Field-F-1-2-2]
		
		
			[Field-F-1-3]
			[Field-F-1-1-3]
			[Field-F-1-2-3]
		
		
			[Field-F-1-4]
			[Field-F-1-1-4]
			[Field-F-1-2-4]
		
		
			[Field-F-1-5]
			[Field-F-1-1-5]
			[Field-F-1-2-5]
		
		
			[Field-F-1-6]
			[Field-F-1-1-6]
			[Field-F-1-2-6]
		
		
			[Field-F-1-7]
			[Field-F-1-1-7]
			[Field-F-1-2-7]
		
		
			[Field-F-1-8]
			[Field-F-1-1-8]
			[Field-F-1-2-8]
		
		
			[Field-F-1-9]
			[Field-F-1-1-9]
			[Field-F-1-2-9]
		
		
			[Field-F-1-10]
			[Field-F-1-1-10]
			[Field-F-1-2-10]
		
		
			[Field-F-1-11]
			[Field-F-1-1-11]
			[Field-F-1-2-11]
		
	




응답자님께서는 두 후보자중 어느 후보에게 투표하시겠습니까.","두 후보자의 정치적 성향은 어떻다고 생각하십니까.

0 (=왼쪽)은 진보, 10 (=오른쪽)은 보수를 나타냅니다. - 후보자 1","두 후보자의 정치적 성향은 어떻다고 생각하십니까.

0 (=왼쪽)은 진보, 10 (=오른쪽)은 보수를 나타냅니다. - 후보자 2","마지막 문항입니다.



아래는 가상의 두 국회의원 후보자의 프로필입니다.

프로필을 주의 깊게 읽은신 후, 다음 문항에 답하여주십시오.

 


 
  
    
   후보자1
   후보자2
  
  
   [Field-F-2-1]
   [Field-F-2-1-1]
   [Field-F-2-2-1]
  
  
   [Field-F-2-2]
   [Field-F-2-1-2]
   [Field-F-2-2-2]
  
  
   [Field-F-2-3]
   [Field-F-2-1-3]
   [Field-F-2-2-3]
  
  
   [Field-F-2-4]
   [Field-F-2-1-4]
   [Field-F-2-2-4]
  
  
   [Field-F-2-5]
   [Field-F-2-1-5]
   [Field-F-2-2-5]
  
  
   [Field-F-2-6]
   [Field-F-2-1-6]
   [Field-F-2-2-6]
  
  
   [Field-F-2-7]
   [Field-F-2-1-7]
   [Field-F-2-2-7]
  
  
   [Field-F-2-8]
   [Field-F-2-1-8]
   [Field-F-2-2-8]
  
  
   [Field-F-2-9]
   [Field-F-2-1-9]
   [Field-F-2-2-9]
  
  
   [Field-F-2-10]
   [Field-F-2-1-10]
   [Field-F-2-2-10]
  
  
   [Field-F-2-11]
   [Field-F-2-1-11]
   [Field-F-2-2-11]
  
 




응답자님께서는 두 후보자중 어느 후보에게 투표하시겠습니까.","두 후보자의 정치적 성향은 어떻다고 생각하십니까.

0 (=왼쪽)은 진보, 10 (=오른쪽)은 보수를 나타냅니다. - 후보자 1","두 후보자의 정치적 성향은 어떻다고 생각하십니까.

0 (=왼쪽)은 진보, 10 (=오른쪽)은 보수를 나타냅니다. - 후보자 2","마지막 문항입니다.



아래는 가상의 두 국회의원 후보자의 프로필입니다.

프로필을 주의 깊게 읽은신 후, 다음 문항에 답하여주십시오.

 


 
  
    
   후보자1
   후보자2
  
  
   [Field-F-3-1]
   [Field-F-3-1-1]
   [Field-F-3-2-1]
  
  
   [Field-F-3-2]
   [Field-F-3-1-2]
   [Field-F-3-2-2]
  
  
   [Field-F-3-3]
   [Field-F-3-1-3]
   [Field-F-3-2-3]
  
  
   [Field-F-3-4]
   [Field-F-3-1-4]
   [Field-F-3-2-4]
  
  
   [Field-F-3-5]
   [Field-F-3-1-5]
   [Field-F-3-2-5]
  
  
   [Field-F-3-6]
   [Field-F-3-1-6]
   [Field-F-3-2-6]
  
  
   [Field-F-3-7]
   [Field-F-3-1-7]
   [Field-F-3-2-7]
  
  
   [Field-F-3-8]
   [Field-F-3-1-8]
   [Field-F-3-2-8]
  
  
   [Field-F-3-9]
   [Field-F-3-1-9]
   [Field-F-3-2-9]
  
  
   [Field-F-3-10]
   [Field-F-3-1-10]
   [Field-F-3-2-10]
  
  
   [Field-F-3-11]
   [Field-F-3-1-11]
   [Field-F-3-2-11]
  
 




응답자님께서는 두 후보자중 어느 후보에게 투표하시겠습니까.","두 후보자의 정치적 성향은 어떻다고 생각하십니까.

0 (=왼쪽)은 진보, 10 (=오른쪽)은 보수를 나타냅니다. - 후보자 1","두 후보자의 정치적 성향은 어떻다고 생각하십니까.

0 (=왼쪽)은 진보, 10 (=오른쪽)은 보수를 나타냅니다. - 후보자 2",F-1-1,F-1-1-1,F-1-2,F-1-1-2,F-1-3,F-1-1-3,F-1-4,F-1-1-4,F-1-5,F-1-1-5,F-1-6,F-1-1-6,F-1-7,F-1-1-7,F-1-8,F-1-1-8,F-1-9,F-1-1-9,F-1-10,F-1-1-10,F-1-11,F-1-1-11,F-1-2-1,F-1-2-2,F-1-2-3,F-1-2-4,F-1-2-5,F-1-2-6,F-1-2-7,F-1-2-8,F-1-2-9,F-1-2-10,F-1-2-11,F-2-1,F-2-1-1,F-2-2,F-2-1-2,F-2-3,F-2-1-3,F-2-4,F-2-1-4,F-2-5,F-2-1-5,F-2-6,F-2-1-6,F-2-7,F-2-1-7,F-2-8,F-2-1-8,F-2-9,F-2-1-9,F-2-10,F-2-1-10,F-2-11,F-2-1-11,F-2-2-1,F-2-2-2,F-2-2-3,F-2-2-4,F-2-2-5,F-2-2-6,F-2-2-7,F-2-2-8,F-2-2-9,F-2-2-10,F-2-2-11,F-3-1,F-3-1-1,F-3-2,F-3-1-2,F-3-3,F-3-1-3,F-3-4,F-3-1-4,F-3-5,F-3-1-5,F-3-6,F-3-1-6,F-3-7,F-3-1-7,F-3-8,F-3-1-8,F-3-9,F-3-1-9,F-3-10,F-3-1-10,F-3-11,F-3-1-11,F-3-2-1,F-3-2-2,F-3-2-3,F-3-2-4,F-3-2-5,F-3-2-6,F-3-2-7,F-3-2-8,F-3-2-9,F-3-2-10,F-3-2-11
"{""ImportId"":""startDate"",""timeZone"":""Asia/Seoul""}","{""ImportId"":""endDate"",""timeZone"":""Asia/Seoul""}","{""ImportId"":""status""}","{""ImportId"":""ipAddress""}","{""ImportId"":""progress""}","{""ImportId"":""duration""}","{""ImportId"":""finished""}","{""ImportId"":""recordedDate"",""timeZone"":""Asia/Seoul""}","{""ImportId"":""_recordId""}","{""ImportId"":""recipientLastName""}","{""ImportId"":""recipientFirstName""}","{""ImportId"":""recipientEmail""}","{""ImportId"":""externalDataReference""}","{""ImportId"":""locationLatitude""}","{""ImportId"":""locationLongitude""}","{""ImportId"":""distributionChannel""}","{""ImportId"":""userLanguage""}","{""ImportId"":""QID7""}","{""ImportId"":""QID3""}","{""ImportId"":""QID4_TEXT""}","{""ImportId"":""QID6""}","{""ImportId"":""QID5""}","{""ImportId"":""QID18""}","{""ImportId"":""QID17""}","{""ImportId"":""QID24""}","{""ImportId"":""QID25_1""}","{""ImportId"":""QID25_2""}","{""ImportId"":""QID28""}","{""ImportId"":""QID27_1""}","{""ImportId"":""QID27_2""}","{""ImportId"":""QID29""}","{""ImportId"":""QID26_1""}","{""ImportId"":""QID26_2""}","{""ImportId"":""F-1-1""}","{""ImportId"":""F-1-1-1""}","{""ImportId"":""F-1-2""}","{""ImportId"":""F-1-1-2""}","{""ImportId"":""F-1-3""}","{""ImportId"":""F-1-1-3""}","{""ImportId"":""F-1-4""}","{""ImportId"":""F-1-1-4""}","{""ImportId"":""F-1-5""}","{""ImportId"":""F-1-1-5""}","{""ImportId"":""F-1-6""}","{""ImportId"":""F-1-1-6""}","{""ImportId"":""F-1-7""}","{""ImportId"":""F-1-1-7""}","{""ImportId"":""F-1-8""}","{""ImportId"":""F-1-1-8""}","{""ImportId"":""F-1-9""}","{""ImportId"":""F-1-1-9""}","{""ImportId"":""F-1-10""}","{""ImportId"":""F-1-1-10""}","{""ImportId"":""F-1-11""}","{""ImportId"":""F-1-1-11""}","{""ImportId"":""F-1-2-1""}","{""ImportId"":""F-1-2-2""}","{""ImportId"":""F-1-2-3""}","{""ImportId"":""F-1-2-4""}","{""ImportId"":""F-1-2-5""}","{""ImportId"":""F-1-2-6""}","{""ImportId"":""F-1-2-7""}","{""ImportId"":""F-1-2-8""}","{""ImportId"":""F-1-2-9""}","{""ImportId"":""F-1-2-10""}","{""ImportId"":""F-1-2-11""}","{""ImportId"":""F-2-1""}","{""ImportId"":""F-2-1-1""}","{""ImportId"":""F-2-2""}","{""ImportId"":""F-2-1-2""}","{""ImportId"":""F-2-3""}","{""ImportId"":""F-2-1-3""}","{""ImportId"":""F-2-4""}","{""ImportId"":""F-2-1-4""}","{""ImportId"":""F-2-5""}","{""ImportId"":""F-2-1-5""}","{""ImportId"":""F-2-6""}","{""ImportId"":""F-2-1-6""}","{""ImportId"":""F-2-7""}","{""ImportId"":""F-2-1-7""}","{""ImportId"":""F-2-8""}","{""ImportId"":""F-2-1-8""}","{""ImportId"":""F-2-9""}","{""ImportId"":""F-2-1-9""}","{""ImportId"":""F-2-10""}","{""ImportId"":""F-2-1-10""}","{""ImportId"":""F-2-11""}","{""ImportId"":""F-2-1-11""}","{""ImportId"":""F-2-2-1""}","{""ImportId"":""F-2-2-2""}","{""ImportId"":""F-2-2-3""}","{""ImportId"":""F-2-2-4""}","{""ImportId"":""F-2-2-5""}","{""ImportId"":""F-2-2-6""}","{""ImportId"":""F-2-2-7""}","{""ImportId"":""F-2-2-8""}","{""ImportId"":""F-2-2-9""}","{""ImportId"":""F-2-2-10""}","{""ImportId"":""F-2-2-11""}","{""ImportId"":""F-3-1""}","{""ImportId"":""F-3-1-1""}","{""ImportId"":""F-3-2""}","{""ImportId"":""F-3-1-2""}","{""ImportId"":""F-3-3""}","{""ImportId"":""F-3-1-3""}","{""ImportId"":""F-3-4""}","{""ImportId"":""F-3-1-4""}","{""ImportId"":""F-3-5""}","{""ImportId"":""F-3-1-5""}","{""ImportId"":""F-3-6""}","{""ImportId"":""F-3-1-6""}","{""ImportId"":""F-3-7""}","{""ImportId"":""F-3-1-7""}","{""ImportId"":""F-3-8""}","{""ImportId"":""F-3-1-8""}","{""ImportId"":""F-3-9""}","{""ImportId"":""F-3-1-9""}","{""ImportId"":""F-3-10""}","{""ImportId"":""F-3-1-10""}","{""ImportId"":""F-3-11""}","{""ImportId"":""F-3-1-11""}","{""ImportId"":""F-3-2-1""}","{""ImportId"":""F-3-2-2""}","{""ImportId"":""F-3-2-3""}","{""ImportId"":""F-3-2-4""}","{""ImportId"":""F-3-2-5""}","{""ImportId"":""F-3-2-6""}","{""ImportId"":""F-3-2-7""}","{""ImportId"":""F-3-2-8""}","{""ImportId"":""F-3-2-9""}","{""ImportId"":""F-3-2-10""}","{""ImportId"":""F-3-2-11""}"
2022-05-25 11:01:01,2022-05-25 11:03:09,0,118.221.199.233,100,128,1,2022-05-25 11:03:10,R_1fjTv2CMyaQnZHS,,,,,37.5138,126.8857,anonymous,KO,1,2,51,4,1,1,4,2,3,5,2,5,7,1,3,8,소속 정당,국민의 힘,성별,남성,연령,65세,출신 지역,충청권,전직,대기업 최고 경영자 (CEO),집회 및 시위의 자유 보장,매우 반대,한미동맹 강화,약간 찬성,세금과 복지,증세를 통한 복지 확대,인도적 대북지원,약간 반대,코로나 대책,방역 중시 (제로 코로나),탈원전,탈원전 기조 유지,더불어 민주당,남성,25세,호남 (전라),시민단체 활동가,약간 찬성,약간 찬성,복지 축소를 통한 감세,약간 찬성,방역 중시 (제로 코로나),탈원전 기조 유지,소속 정당,국민의 힘,성별,여성,연령,45세,출신 지역,영남 (경상),전직,군인,집회 및 시위의 자유 보장,매우 반대,한미동맹 강화,약간 반대,세금과 복지,복지 축소를 통한 감세,인도적 대북지원,약간 반대,코로나 대책,방역 중시 (제로 코로나),탈원전,탈원전 정책 폐기,국민의 힘,남성,25세,충청권,검사,약간 찬성,매우 반대,증세를 통한 복지 확대,약간 찬성,경제 중시 (위드 코로나),탈원전 정책 폐기,소속 정당,정의당,성별,여성,연령,35세,출신 지역,영남 (경상),전직,변호사,집회 및 시위의 자유 보장,매우 찬성,한미동맹 강화,약간 찬성,세금과 복지,복지 축소를 통한 감세,인도적 대북지원,약간 반대,코로나 대책,방역 중시 (제로 코로나),탈원전,탈원전 기조 유지,정의당,남성,25세,충청권,군인,약간 반대,약간 찬성,증세를 통한 복지 확대,약간 찬성,방역 중시 (제로 코로나),탈원전 정책 폐기
2022-05-25 11:01:39,2022-05-25 11:06:03,0,221.143.44.232,100,264,1,2022-05-25 11:06:04,R_1jdhNYSS0BJLCtv,,,,,37.581,127.0637,anonymous,KO,1,1,39,4,1,1,4,2,4,5,1,6,5,2,7,4,소속 정당,더불어 민주당,성별,여성,연령,65세,출신 지역,영남 (경상),전직,변호사,코로나 대책,경제 중시 (위드 코로나),인도적 대북지원,약간 찬성,세금과 복지,증세를 통한 복지 확대,집회 및 시위의 자유 보장,매우 반대,탈원전,탈원전 기조 유지,한미동맹 강화,약간 찬성,국민의 힘,남성,35세,영남 (경상),시민단체 활동가,경제 중시 (위드 코로나),매우 찬성,증세를 통한 복지 확대,매우 반대,탈원전 기조 유지,매우 찬성,소속 정당,더불어 민주당,성별,남성,연령,55세,출신 지역,충청권,전직,방송 아나운서,코로나 대책,경제 중시 (위드 코로나),인도적 대북지원,매우 찬성,세금과 복지,증세를 통한 복지 확대,집회 및 시위의 자유 보장,매우 찬성,탈원전,탈원전 정책 폐기,한미동맹 강화,매우 반대,정의당,여성,65세,수도권,대기업 최고 경영자 (CEO),경제 중시 (위드 코로나),매우 반대,복지 축소를 통한 감세,매우 반대,탈원전 기조 유지,매우 찬성,소속 정당,더불어 민주당,성별,여성,연령,65세,출신 지역,수도권,전직,대학교수,코로나 대책,경제 중시 (위드 코로나),인도적 대북지원,약간 반대,세금과 복지,복지 축소를 통한 감세,집회 및 시위의 자유 보장,약간 반대,탈원전,탈원전 정책 폐기,한미동맹 강화,매우 찬성,국민의 힘,여성,45세,수도권,군인,방역 중시 (제로 코로나),매우 반대,복지 축소를 통한 감세,매우 찬성,탈원전 기조 유지,매우 찬성
2022-05-25 11:02:16,2022-05-25 11:06:04,0,121.135.76.220,100,227,1,2022-05-25 11:06:04,R_8jm9O4u05bwndlf,,,,,37.0009,127.0859,anonymous,KO,1,1,51,3,9,1,5,1,5,5,2,3,7,1,3,7,소속 정당,더불어 민주당,성별,여성,연령,45세,출신 지역,호남 (전라),전직,변호사,세금과 복지,증세를 통한 복지 확대,집회 및 시위의 자유 보장,매우 반대,코로나 대책,방역 중시 (제로 코로나),한미동맹 강화,매우 찬성,탈원전,탈원전 기조 유지,인도적 대북지원,매우 반대,국민의 힘,남성,25세,수도권,시민단체 활동가,증세를 통한 복지 확대,매우 반대,경제 중시 (위드 코로나),매우 반대,탈원전 정책 폐기,매우 찬성,소속 정당,더불어 민주당,성별,여성,연령,65세,출신 지역,충청권,전직,대학교수,세금과 복지,증세를 통한 복지 확대,집회 및 시위의 자유 보장,매우 반대,코로나 대책,경제 중시 (위드 코로나),한미동맹 강화,약간 찬성,탈원전,탈원전 기조 유지,인도적 대북지원,약간 찬성,더불어 민주당,남성,35세,수도권,변호사,복지 축소를 통한 감세,약간 찬성,방역 중시 (제로 코로나),매우 반대,탈원전 기조 유지,매우 반대,소속 정당,더불어 민주당,성별,여성,연령,35세,출신 지역,수도권,전직,대학교수,세금과 복지,증세를 통한 복지 확대,집회 및 시위의 자유 보장,약간 반대,코로나 대책,방역 중시 (제로 코로나),한미동맹 강화,약간 반대,탈원전,탈원전 정책 폐기,인도적 대북지원,약간 반대,더불어 민주당,여성,65세,충청권,방송 아나운서,증세를 통한 복지 확대,매우 반대,방역 중시 (제로 코로나),매우 반대,탈원전 기조 유지,매우 반대
2022-05-25 11:02:53,2022-05-25 11:08:02,0,182.222.142.204,100,308,1,2022-05-25 11:08:03,R_1FytuU4rcml0AOc,,,,,35.572,129.3302,anonymous,KO,1,1,43,4,7,7,3,2,4,4,1,5,7,1,7,5,소속 정당,정의당,성별,여성,연령,35세,출신 지역,영남 (경상),전직,검사,집회 및 시위의 자유 보장,매우 반대,탈원전,탈원전 기조 유지,세금과 복지,증세를 통한 복지 확대,인도적 대북지원,약간 반대,코로나 대책,방역 중시 (제로 코로나),한미동맹 강화,약간 찬성,더불어 민주당,여성,45세,수도권,변호사,매우 반대,탈원전 기조 유지,복지 축소를 통한 감세,매우 찬성,경제 중시 (위드 코로나),매우 반대,소속 정당,국민의 힘,성별,남성,연령,65세,출신 지역,수도권,전직,검사,집회 및 시위의 자유 보장,약간 찬성,탈원전,탈원전 정책 폐기,세금과 복지,복지 축소를 통한 감세,인도적 대북지원,매우 찬성,코로나 대책,경제 중시 (위드 코로나),한미동맹 강화,약간 반대,더불어 민주당,남성,35세,영남 (경상),군인,약간 반대,탈원전 정책 폐기,증세를 통한 복지 확대,약간 찬성,경제 중시 (위드 코로나),약간 반대,소속 정당,더불어 민주당,성별,여성,연령,45세,출신 지역,수도권,전직,방송 아나운서,집회 및 시위의 자유 보장,매우 찬성,탈원전,탈원전 기조 유지,세금과 복지,증세를 통한 복지 확대,인도적 대북지원,약간 찬성,코로나 대책,경제 중시 (위드 코로나),한미동맹 강화,매우 찬성,더불어 민주당,남성,65세,호남 (전라),시민단체 활동가,매우 찬성,탈원전 기조 유지,복지 축소를 통한 감세,약간 찬성,경제 중시 (위드 코로나),매우 찬성
2022-05-25 11:01:23,2022-05-25 11:08:12,0,42.82.178.164,100,408,1,2022-05-25 11:08:13,R_3lGDrzYPVIz4SxK,,,,,35.8413,129.2111,anonymous,KO,1,2,50,4,3,2,5,2,4,6,2,3,7,2,7,5,소속 정당,국민의 힘,성별,여성,연령,55세,출신 지역,충청권,전직,군인,탈원전,탈원전 정책 폐기,한미동맹 강화,매우 반대,집회 및 시위의 자유 보장,매우 찬성,코로나 대책,경제 중시 (위드 코로나),세금과 복지,증세를 통한 복지 확대,인도적 대북지원,약간 반대,정의당,남성,45세,호남 (전라),시민단체 활동가,탈원전 정책 폐기,약간 찬성,약간 찬성,방역 중시 (제로 코로나),복지 축소를 통한 감세,약간 찬성,소속 정당,정의당,성별,남성,연령,65세,출신 지역,호남 (전라),전직,시민단체 활동가,탈원전,탈원전 정책 폐기,한미동맹 강화,매우 찬성,집회 및 시위의 자유 보장,약간 반대,코로나 대책,방역 중시 (제로 코로나),세금과 복지,복지 축소를 통한 감세,인도적 대북지원,약간 반대,국민의 힘,남성,65세,충청권,군인,탈원전 정책 폐기,약간 찬성,약간 찬성,경제 중시 (위드 코로나),증세를 통한 복지 확대,약간 반대,소속 정당,더불어 민주당,성별,남성,연령,55세,출신 지역,영남 (경상),전직,시민단체 활동가,탈원전,탈원전 기조 유지,한미동맹 강화,매우 반대,집회 및 시위의 자유 보장,약간 반대,코로나 대책,방역 중시 (제로 코로나),세금과 복지,증세를 통한 복지 확대,인도적 대북지원,매우 반대,정의당,남성,25세,충청권,군인,탈원전 기조 유지,매우 찬성,약간 찬성,경제 중시 (위드 코로나),복지 축소를 통한 감세,약간 찬성
2022-05-25 11:02:48,2022-05-25 11:08:44,0,182.216.85.121,100,355,1,2022-05-25 11:08:44,R_3r1gItF2zOPWmKh,,,,,33.2452,126.5601,anonymous,KO,1,1,53,3,17,17,3,1,8,7,2,7,3,2,7,6,소속 정당,정의당,성별,남성,연령,35세,출신 지역,호남 (전라),전직,군인,코로나 대책,경제 중시 (위드 코로나),세금과 복지,복지 축소를 통한 감세,인도적 대북지원,매우 반대,집회 및 시위의 자유 보장,약간 반대,탈원전,탈원전 정책 폐기,한미동맹 강화,약간 반대,국민의 힘,남성,55세,호남 (전라),군인,방역 중시 (제로 코로나),증세를 통한 복지 확대,매우 찬성,매우 찬성,탈원전 정책 폐기,매우 반대,소속 정당,국민의 힘,성별,남성,연령,35세,출신 지역,충청권,전직,대기업 최고 경영자 (CEO),코로나 대책,방역 중시 (제로 코로나),세금과 복지,복지 축소를 통한 감세,인도적 대북지원,매우 찬성,집회 및 시위의 자유 보장,약간 반대,탈원전,탈원전 기조 유지,한미동맹 강화,약간 반대,더불어 민주당,남성,65세,영남 (경상),변호사,방역 중시 (제로 코로나),복지 축소를 통한 감세,약간 반대,매우 찬성,탈원전 기조 유지,약간 반대,소속 정당,국민의 힘,성별,여성,연령,45세,출신 지역,충청권,전직,대기업 최고 경영자 (CEO),코로나 대책,방역 중시 (제로 코로나),세금과 복지,복지 축소를 통한 감세,인도적 대북지원,매우 반대,집회 및 시위의 자유 보장,매우 찬성,탈원전,탈원전 기조 유지,한미동맹 강화,매우 찬성,정의당,여성,45세,호남 (전라),군인,경제 중시 (위드 코로나),증세를 통한 복지 확대,약간 반대,매우 찬성,탈원전 정책 폐기,매우 찬성
2022-05-25 11:03:50,2022-05-25 11:10:01,0,218.154.42.109,100,371,1,2022-05-25 11:10:02,R_AFMg7b1YqWZY3lL,,,,,37.5481,126.9028,anonymous,KO,1,1,53,5,1,12,6,1,4,6,1,6,4,2,7,4,소속 정당,정의당,성별,여성,연령,55세,출신 지역,충청권,전직,검사,코로나 대책,경제 중시 (위드 코로나),인도적 대북지원,약간 찬성,세금과 복지,복지 축소를 통한 감세,한미동맹 강화,매우 찬성,집회 및 시위의 자유 보장,약간 찬성,탈원전,탈원전 정책 폐기,국민의 힘,여성,35세,수도권,변호사,경제 중시 (위드 코로나),약간 찬성,증세를 통한 복지 확대,매우 찬성,약간 반대,탈원전 정책 폐기,소속 정당,국민의 힘,성별,여성,연령,55세,출신 지역,호남 (전라),전직,방송 아나운서,코로나 대책,경제 중시 (위드 코로나),인도적 대북지원,약간 반대,세금과 복지,복지 축소를 통한 감세,한미동맹 강화,약간 찬성,집회 및 시위의 자유 보장,약간 반대,탈원전,탈원전 정책 폐기,정의당,여성,25세,호남 (전라),변호사,경제 중시 (위드 코로나),약간 반대,증세를 통한 복지 확대,약간 찬성,약간 찬성,탈원전 기조 유지,소속 정당,정의당,성별,여성,연령,35세,출신 지역,호남 (전라),전직,시민단체 활동가,코로나 대책,방역 중시 (제로 코로나),인도적 대북지원,매우 찬성,세금과 복지,증세를 통한 복지 확대,한미동맹 강화,매우 반대,집회 및 시위의 자유 보장,약간 반대,탈원전,탈원전 정책 폐기,정의당,여성,45세,충청권,군인,경제 중시 (위드 코로나),매우 반대,복지 축소를 통한 감세,매우 찬성,매우 찬성,탈원전 기조 유지
2022-05-25 11:03:45,2022-05-25 11:10:44,0,175.121.99.21,100,418,1,2022-05-25 11:10:44,R_2xznEG9p0ZHhe1F,,,,,37.4897,127.0639,anonymous,KO,1,2,38,4,1,1,3,2,10,10,2,5,9,2,5,5,소속 정당,국민의 힘,성별,여성,연령,35세,출신 지역,영남 (경상),전직,군인,탈원전,탈원전 기조 유지,한미동맹 강화,약간 찬성,인도적 대북지원,매우 반대,세금과 복지,증세를 통한 복지 확대,집회 및 시위의 자유 보장,약간 반대,코로나 대책,경제 중시 (위드 코로나),정의당,남성,45세,호남 (전라),대학교수,탈원전 기조 유지,매우 찬성,매우 반대,증세를 통한 복지 확대,약간 찬성,경제 중시 (위드 코로나),소속 정당,정의당,성별,여성,연령,25세,출신 지역,영남 (경상),전직,대학교수,탈원전,탈원전 정책 폐기,한미동맹 강화,매우 찬성,인도적 대북지원,매우 찬성,세금과 복지,복지 축소를 통한 감세,집회 및 시위의 자유 보장,약간 반대,코로나 대책,경제 중시 (위드 코로나),더불어 민주당,여성,45세,충청권,시민단체 활동가,탈원전 기조 유지,약간 찬성,약간 찬성,증세를 통한 복지 확대,매우 반대,경제 중시 (위드 코로나),소속 정당,정의당,성별,여성,연령,35세,출신 지역,수도권,전직,대학교수,탈원전,탈원전 정책 폐기,한미동맹 강화,매우 찬성,인도적 대북지원,매우 찬성,세금과 복지,복지 축소를 통한 감세,집회 및 시위의 자유 보장,약간 반대,코로나 대책,경제 중시 (위드 코로나),정의당,여성,55세,수도권,검사,탈원전 기조 유지,약간 반대,약간 찬성,복지 축소를 통한 감세,약간 찬성,경제 중시 (위드 코로나)
2022-05-25 11:08:19,2022-05-25 11:10:54,0,61.80.59.246,100,154,1,2022-05-25 11:10:54,R_2fpWmxRFQQGPGh2,,,,,35.1496,126.9156,anonymous,KO,1,2,40,4,5,5,3,2,7,6,2,5,5,1,6,5,소속 정당,정의당,성별,남성,연령,25세,출신 지역,수도권,전직,대기업 최고 경영자 (CEO),탈원전,탈원전 정책 폐기,인도적 대북지원,매우 반대,한미동맹 강화,매우 찬성,코로나 대책,방역 중시 (제로 코로나),세금과 복지,증세를 통한 복지 확대,집회 및 시위의 자유 보장,약간 찬성,더불어 민주당,남성,55세,충청권,변호사,탈원전 기조 유지,매우 반대,매우 반대,경제 중시 (위드 코로나),복지 축소를 통한 감세,약간 찬성,소속 정당,정의당,성별,남성,연령,35세,출신 지역,수도권,전직,검사,탈원전,탈원전 정책 폐기,인도적 대북지원,약간 반대,한미동맹 강화,약간 반대,코로나 대책,경제 중시 (위드 코로나),세금과 복지,복지 축소를 통한 감세,집회 및 시위의 자유 보장,약간 찬성,더불어 민주당,여성,55세,충청권,대기업 최고 경영자 (CEO),탈원전 정책 폐기,약간 찬성,매우 반대,경제 중시 (위드 코로나),복지 축소를 통한 감세,약간 찬성,소속 정당,정의당,성별,남성,연령,45세,출신 지역,영남 (경상),전직,시민단체 활동가,탈원전,탈원전 기조 유지,인도적 대북지원,매우 반대,한미동맹 강화,매우 찬성,코로나 대책,경제 중시 (위드 코로나),세금과 복지,복지 축소를 통한 감세,집회 및 시위의 자유 보장,약간 반대,국민의 힘,여성,45세,호남 (전라),시민단체 활동가,탈원전 기조 유지,약간 반대,약간 찬성,경제 중시 (위드 코로나),복지 축소를 통한 감세,약간 반대
2022-05-25 11:07:49,2022-05-25 11:11:57,0,121.133.175.84,100,247,1,2022-05-25 11:11:58,R_3M4Z4TSeAoIykgp,,,,,37.4331,127.1377,anonymous,KO,1,1,40,4,1,1,4,2,3,7,1,7,6,2,3,6,소속 정당,더불어 민주당,성별,여성,연령,25세,출신 지역,호남 (전라),전직,군인,세금과 복지,증세를 통한 복지 확대,코로나 대책,경제 중시 (위드 코로나),한미동맹 강화,약간 반대,탈원전,탈원전 정책 폐기,집회 및 시위의 자유 보장,약간 반대,인도적 대북지원,매우 찬성,정의당,여성,45세,수도권,시민단체 활동가,복지 축소를 통한 감세,방역 중시 (제로 코로나),약간 찬성,탈원전 기조 유지,매우 반대,매우 반대,소속 정당,더불어 민주당,성별,여성,연령,35세,출신 지역,충청권,전직,검사,세금과 복지,복지 축소를 통한 감세,코로나 대책,방역 중시 (제로 코로나),한미동맹 강화,매우 찬성,탈원전,탈원전 기조 유지,집회 및 시위의 자유 보장,약간 반대,인도적 대북지원,매우 찬성,국민의 힘,여성,55세,영남 (경상),대학교수,복지 축소를 통한 감세,방역 중시 (제로 코로나),약간 반대,탈원전 정책 폐기,약간 찬성,약간 반대,소속 정당,정의당,성별,남성,연령,45세,출신 지역,영남 (경상),전직,변호사,세금과 복지,복지 축소를 통한 감세,코로나 대책,경제 중시 (위드 코로나),한미동맹 강화,매우 찬성,탈원전,탈원전 정책 폐기,집회 및 시위의 자유 보장,매우 반대,인도적 대북지원,약간 반대,국민의 힘,여성,45세,영남 (경상),방송 아나운서,복지 축소를 통한 감세,경제 중시 (위드 코로나),약간 찬성,탈원전 기조 유지,매우 찬성,매우 반대
2022-05-25 11:01:56,2022-05-25 11:12:53,0,222.119.122.5,100,656,1,2022-05-25 11:12:53,R_10vf4uJkrUQSFlN,,,,,35.1025,129.0394,anonymous,KO,1,1,48,4,7,7,4,1,2,9,1,2,4,2,7,1,소속 정당,더불어 민주당,성별,여성,연령,25세,출신 지역,수도권,전직,검사,세금과 복지,증세를 통한 복지 확대,코로나 대책,경제 중시 (위드 코로나),인도적 대북지원,매우 반대,집회 및 시위의 자유 보장,매우 반대,탈원전,탈원전 정책 폐기,한미동맹 강화,약간 찬성,국민의 힘,여성,65세,수도권,시민단체 활동가,복지 축소를 통한 감세,방역 중시 (제로 코로나),약간 찬성,매우 반대,탈원전 정책 폐기,매우 찬성,소속 정당,더불어 민주당,성별,남성,연령,65세,출신 지역,호남 (전라),전직,변호사,세금과 복지,증세를 통한 복지 확대,코로나 대책,방역 중시 (제로 코로나),인도적 대북지원,약간 반대,집회 및 시위의 자유 보장,매우 찬성,탈원전,탈원전 기조 유지,한미동맹 강화,약간 찬성,정의당,여성,55세,호남 (전라),검사,증세를 통한 복지 확대,경제 중시 (위드 코로나),매우 반대,약간 찬성,탈원전 기조 유지,매우 반대,소속 정당,더불어 민주당,성별,여성,연령,55세,출신 지역,수도권,전직,검사,세금과 복지,증세를 통한 복지 확대,코로나 대책,경제 중시 (위드 코로나),인도적 대북지원,약간 반대,집회 및 시위의 자유 보장,약간 반대,탈원전,탈원전 기조 유지,한미동맹 강화,약간 반대,정의당,남성,35세,영남 (경상),방송 아나운서,증세를 통한 복지 확대,경제 중시 (위드 코로나),약간 찬성,매우 찬성,탈원전 기조 유지,매우 반대
2022-05-25 11:06:56,2022-05-25 11:13:12,0,120.142.103.37,100,376,1,2022-05-25 11:13:13,R_3n0py3Hi2O1FpNi,,,,,35.1025,129.0394,anonymous,KO,1,1,27,4,2,16,4,1,7,4,1,6,4,2,5,5,소속 정당,더불어 민주당,성별,여성,연령,55세,출신 지역,영남 (경상),전직,군인,코로나 대책,방역 중시 (제로 코로나),한미동맹 강화,매우 반대,집회 및 시위의 자유 보장,매우 반대,인도적 대북지원,매우 반대,세금과 복지,증세를 통한 복지 확대,탈원전,탈원전 기조 유지,더불어 민주당,여성,35세,수도권,검사,방역 중시 (제로 코로나),매우 반대,약간 반대,약간 반대,증세를 통한 복지 확대,탈원전 기조 유지,소속 정당,정의당,성별,남성,연령,65세,출신 지역,충청권,전직,변호사,코로나 대책,방역 중시 (제로 코로나),한미동맹 강화,매우 찬성,집회 및 시위의 자유 보장,매우 반대,인도적 대북지원,매우 찬성,세금과 복지,복지 축소를 통한 감세,탈원전,탈원전 정책 폐기,더불어 민주당,남성,25세,영남 (경상),대기업 최고 경영자 (CEO),방역 중시 (제로 코로나),약간 반대,매우 반대,매우 반대,복지 축소를 통한 감세,탈원전 정책 폐기,소속 정당,더불어 민주당,성별,남성,연령,25세,출신 지역,충청권,전직,검사,코로나 대책,방역 중시 (제로 코로나),한미동맹 강화,약간 찬성,집회 및 시위의 자유 보장,매우 찬성,인도적 대북지원,약간 반대,세금과 복지,복지 축소를 통한 감세,탈원전,탈원전 기조 유지,정의당,여성,35세,수도권,검사,경제 중시 (위드 코로나),약간 찬성,매우 찬성,약간 반대,복지 축소를 통한 감세,탈원전 기조 유지
2022-05-25 11:10:46,2022-05-25 11:14:12,0,110.45.45.195,100,206,1,2022-05-25 11:14:13,R_XvoOrEuTNegl28N,,,,,35.3447,129.0299,anonymous,KO,1,2,43,3,16,7,2,2,2,8,1,1,4,1,1,2,소속 정당,국민의 힘,성별,여성,연령,35세,출신 지역,수도권,전직,대학교수,한미동맹 강화,약간 반대,코로나 대책,경제 중시 (위드 코로나),탈원전,탈원전 정책 폐기,인도적 대북지원,매우 반대,세금과 복지,증세를 통한 복지 확대,집회 및 시위의 자유 보장,매우 찬성,국민의 힘,여성,55세,호남 (전라),변호사,약간 찬성,경제 중시 (위드 코로나),탈원전 기조 유지,매우 반대,증세를 통한 복지 확대,약간 반대,소속 정당,더불어 민주당,성별,남성,연령,45세,출신 지역,호남 (전라),전직,검사,한미동맹 강화,매우 찬성,코로나 대책,경제 중시 (위드 코로나),탈원전,탈원전 기조 유지,인도적 대북지원,매우 반대,세금과 복지,복지 축소를 통한 감세,집회 및 시위의 자유 보장,매우 반대,정의당,남성,25세,영남 (경상),대기업 최고 경영자 (CEO),매우 반대,방역 중시 (제로 코로나),탈원전 정책 폐기,약간 찬성,복지 축소를 통한 감세,매우 찬성,소속 정당,더불어 민주당,성별,여성,연령,25세,출신 지역,충청권,전직,대기업 최고 경영자 (CEO),한미동맹 강화,매우 찬성,코로나 대책,방역 중시 (제로 코로나),탈원전,탈원전 정책 폐기,인도적 대북지원,매우 찬성,세금과 복지,증세를 통한 복지 확대,집회 및 시위의 자유 보장,약간 찬성,더불어 민주당,여성,25세,수도권,시민단체 활동가,매우 반대,방역 중시 (제로 코로나),탈원전 정책 폐기,약간 찬성,증세를 통한 복지 확대,매우 반대
2022-05-25 11:09:16,2022-05-25 11:18:02,0,121.142.59.94,100,526,1,2022-05-25 11:18:04,R_1KrR8ZTqKfDGylE,,,,,37.4676,126.62,anonymous,KO,1,2,49,2,4,4,4,1,3,7,2,4,7,1,7,4,소속 정당,국민의 힘,성별,여성,연령,45세,출신 지역,충청권,전직,시민단체 활동가,코로나 대책,방역 중시 (제로 코로나),한미동맹 강화,약간 반대,세금과 복지,증세를 통한 복지 확대,집회 및 시위의 자유 보장,매우 찬성,탈원전,탈원전 정책 폐기,인도적 대북지원,약간 찬성,정의당,남성,55세,영남 (경상),변호사,경제 중시 (위드 코로나),매우 찬성,복지 축소를 통한 감세,약간 반대,탈원전 정책 폐기,약간 반대,소속 정당,국민의 힘,성별,남성,연령,55세,출신 지역,충청권,전직,변호사,코로나 대책,방역 중시 (제로 코로나),한미동맹 강화,약간 반대,세금과 복지,복지 축소를 통한 감세,집회 및 시위의 자유 보장,약간 반대,탈원전,탈원전 기조 유지,인도적 대북지원,약간 반대,국민의 힘,남성,65세,영남 (경상),시민단체 활동가,방역 중시 (제로 코로나),약간 찬성,증세를 통한 복지 확대,약간 반대,탈원전 기조 유지,매우 찬성,소속 정당,정의당,성별,여성,연령,35세,출신 지역,충청권,전직,시민단체 활동가,코로나 대책,경제 중시 (위드 코로나),한미동맹 강화,약간 반대,세금과 복지,복지 축소를 통한 감세,집회 및 시위의 자유 보장,약간 찬성,탈원전,탈원전 기조 유지,인도적 대북지원,약간 찬성,정의당,남성,55세,호남 (전라),군인,방역 중시 (제로 코로나),약간 찬성,증세를 통한 복지 확대,매우 반대,탈원전 정책 폐기,약간 찬성
2022-05-25 11:01:51,2022-05-25 11:19:01,0,221.149.137.248,100,1030,1,2022-05-25 11:19:02,R_3iV8WMV3MG1T4mu,,,,,37.5013,127.1188,anonymous,KO,1,1,71,5,9,9,4,1,8,4,1,5,6,1,8,4,소속 정당,더불어 민주당,성별,남성,연령,25세,출신 지역,호남 (전라),전직,검사,집회 및 시위의 자유 보장,약간 반대,한미동맹 강화,매우 찬성,코로나 대책,방역 중시 (제로 코로나),인도적 대북지원,매우 반대,탈원전,탈원전 정책 폐기,세금과 복지,증세를 통한 복지 확대,더불어 민주당,남성,45세,충청권,대학교수,매우 찬성,약간 찬성,방역 중시 (제로 코로나),매우 반대,탈원전 기조 유지,증세를 통한 복지 확대,소속 정당,국민의 힘,성별,남성,연령,25세,출신 지역,호남 (전라),전직,방송 아나운서,집회 및 시위의 자유 보장,약간 찬성,한미동맹 강화,매우 반대,코로나 대책,경제 중시 (위드 코로나),인도적 대북지원,매우 찬성,탈원전,탈원전 정책 폐기,세금과 복지,증세를 통한 복지 확대,더불어 민주당,남성,55세,충청권,군인,매우 반대,매우 반대,경제 중시 (위드 코로나),약간 반대,탈원전 기조 유지,증세를 통한 복지 확대,소속 정당,정의당,성별,남성,연령,35세,출신 지역,수도권,전직,군인,집회 및 시위의 자유 보장,약간 찬성,한미동맹 강화,약간 찬성,코로나 대책,경제 중시 (위드 코로나),인도적 대북지원,약간 반대,탈원전,탈원전 정책 폐기,세금과 복지,복지 축소를 통한 감세,정의당,남성,25세,호남 (전라),변호사,매우 찬성,약간 찬성,경제 중시 (위드 코로나),매우 찬성,탈원전 기조 유지,복지 축소를 통한 감세
2022-05-25 11:13:04,2022-05-25 11:19:24,0,124.61.140.122,100,380,1,2022-05-25 11:19:25,R_1FtVI1LjTzGGK8h,,,,,37.661,126.8324,anonymous,KO,1,2,29,4,9,1,3,2,7,6,1,4,4,1,8,4,소속 정당,더불어 민주당,성별,여성,연령,65세,출신 지역,영남 (경상),전직,변호사,탈원전,탈원전 정책 폐기,세금과 복지,복지 축소를 통한 감세,인도적 대북지원,매우 찬성,집회 및 시위의 자유 보장,약간 찬성,한미동맹 강화,약간 찬성,코로나 대책,경제 중시 (위드 코로나),정의당,남성,25세,충청권,시민단체 활동가,탈원전 정책 폐기,복지 축소를 통한 감세,약간 찬성,약간 찬성,약간 반대,경제 중시 (위드 코로나),소속 정당,더불어 민주당,성별,여성,연령,45세,출신 지역,호남 (전라),전직,시민단체 활동가,탈원전,탈원전 정책 폐기,세금과 복지,복지 축소를 통한 감세,인도적 대북지원,약간 반대,집회 및 시위의 자유 보장,매우 찬성,한미동맹 강화,매우 찬성,코로나 대책,방역 중시 (제로 코로나),정의당,여성,55세,충청권,대기업 최고 경영자 (CEO),탈원전 기조 유지,증세를 통한 복지 확대,약간 반대,약간 찬성,약간 찬성,방역 중시 (제로 코로나),소속 정당,더불어 민주당,성별,여성,연령,35세,출신 지역,충청권,전직,방송 아나운서,탈원전,탈원전 정책 폐기,세금과 복지,증세를 통한 복지 확대,인도적 대북지원,매우 찬성,집회 및 시위의 자유 보장,매우 찬성,한미동맹 강화,약간 찬성,코로나 대책,경제 중시 (위드 코로나),국민의 힘,남성,45세,수도권,검사,탈원전 기조 유지,복지 축소를 통한 감세,약간 찬성,매우 반대,약간 반대,방역 중시 (제로 코로나)
2022-05-25 11:09:09,2022-05-25 11:21:51,0,112.154.228.162,100,761,1,2022-05-25 11:21:52,R_21FWYMlh1FAZFMV,,,,,37.6576,127.072,anonymous,KO,1,1,28,4,1,1,3,2,4,5,1,6,3,2,3,6,소속 정당,국민의 힘,성별,남성,연령,55세,출신 지역,충청권,전직,군인,탈원전,탈원전 정책 폐기,인도적 대북지원,매우 반대,세금과 복지,복지 축소를 통한 감세,한미동맹 강화,매우 반대,코로나 대책,경제 중시 (위드 코로나),집회 및 시위의 자유 보장,약간 찬성,더불어 민주당,여성,45세,충청권,검사,탈원전 정책 폐기,약간 반대,복지 축소를 통한 감세,약간 찬성,방역 중시 (제로 코로나),매우 반대,소속 정당,정의당,성별,여성,연령,65세,출신 지역,호남 (전라),전직,대학교수,탈원전,탈원전 정책 폐기,인도적 대북지원,약간 찬성,세금과 복지,증세를 통한 복지 확대,한미동맹 강화,매우 찬성,코로나 대책,경제 중시 (위드 코로나),집회 및 시위의 자유 보장,매우 찬성,더불어 민주당,여성,45세,영남 (경상),검사,탈원전 정책 폐기,약간 반대,증세를 통한 복지 확대,매우 반대,방역 중시 (제로 코로나),약간 반대,소속 정당,국민의 힘,성별,여성,연령,35세,출신 지역,수도권,전직,대기업 최고 경영자 (CEO),탈원전,탈원전 정책 폐기,인도적 대북지원,약간 반대,세금과 복지,복지 축소를 통한 감세,한미동맹 강화,매우 반대,코로나 대책,방역 중시 (제로 코로나),집회 및 시위의 자유 보장,약간 반대,정의당,여성,55세,영남 (경상),검사,탈원전 정책 폐기,약간 찬성,복지 축소를 통한 감세,약간 찬성,경제 중시 (위드 코로나),약간 찬성
2022-05-25 11:17:07,2022-05-25 11:22:06,0,119.193.99.100,100,298,1,2022-05-25 11:22:07,R_0iJuoGv7XhRwQ5b,,,,,37.9113,127.0528,anonymous,KO,1,2,45,2,9,9,2,2,9,10,2,8,10,2,3,10,소속 정당,정의당,성별,여성,연령,25세,출신 지역,호남 (전라),전직,군인,한미동맹 강화,매우 반대,코로나 대책,방역 중시 (제로 코로나),탈원전,탈원전 기조 유지,인도적 대북지원,약간 반대,세금과 복지,복지 축소를 통한 감세,집회 및 시위의 자유 보장,매우 찬성,정의당,여성,45세,수도권,대기업 최고 경영자 (CEO),매우 반대,경제 중시 (위드 코로나),탈원전 정책 폐기,약간 반대,증세를 통한 복지 확대,매우 반대,소속 정당,국민의 힘,성별,남성,연령,45세,출신 지역,호남 (전라),전직,대학교수,한미동맹 강화,약간 찬성,코로나 대책,경제 중시 (위드 코로나),탈원전,탈원전 정책 폐기,인도적 대북지원,약간 반대,세금과 복지,증세를 통한 복지 확대,집회 및 시위의 자유 보장,매우 찬성,더불어 민주당,여성,35세,충청권,검사,매우 찬성,경제 중시 (위드 코로나),탈원전 정책 폐기,매우 찬성,증세를 통한 복지 확대,약간 반대,소속 정당,정의당,성별,남성,연령,55세,출신 지역,충청권,전직,대학교수,한미동맹 강화,매우 반대,코로나 대책,방역 중시 (제로 코로나),탈원전,탈원전 정책 폐기,인도적 대북지원,매우 반대,세금과 복지,증세를 통한 복지 확대,집회 및 시위의 자유 보장,약간 찬성,더불어 민주당,여성,55세,호남 (전라),변호사,약간 반대,방역 중시 (제로 코로나),탈원전 기조 유지,매우 반대,증세를 통한 복지 확대,약간 반대
2022-05-25 11:07:45,2022-05-25 11:25:23,0,175.193.146.169,100,1058,1,2022-05-25 11:25:26,R_3oYHOakAUJRiu0n,,,,,37.621,126.9393,anonymous,KO,1,1,68,4,1,4,4,2,2,7,2,3,6,1,6,4,소속 정당,더불어 민주당,성별,여성,연령,35세,출신 지역,호남 (전라),전직,검사,인도적 대북지원,약간 반대,집회 및 시위의 자유 보장,매우 반대,탈원전,탈원전 정책 폐기,코로나 대책,경제 중시 (위드 코로나),한미동맹 강화,매우 반대,세금과 복지,복지 축소를 통한 감세,더불어 민주당,여성,65세,수도권,대학교수,매우 찬성,약간 찬성,탈원전 기조 유지,경제 중시 (위드 코로나),약간 찬성,복지 축소를 통한 감세,소속 정당,정의당,성별,남성,연령,25세,출신 지역,충청권,전직,시민단체 활동가,인도적 대북지원,약간 반대,집회 및 시위의 자유 보장,약간 찬성,탈원전,탈원전 정책 폐기,코로나 대책,방역 중시 (제로 코로나),한미동맹 강화,매우 반대,세금과 복지,증세를 통한 복지 확대,정의당,여성,35세,영남 (경상),시민단체 활동가,매우 찬성,약간 반대,탈원전 정책 폐기,방역 중시 (제로 코로나),약간 찬성,증세를 통한 복지 확대,소속 정당,더불어 민주당,성별,남성,연령,35세,출신 지역,영남 (경상),전직,대기업 최고 경영자 (CEO),인도적 대북지원,약간 찬성,집회 및 시위의 자유 보장,매우 반대,탈원전,탈원전 기조 유지,코로나 대책,경제 중시 (위드 코로나),한미동맹 강화,매우 반대,세금과 복지,복지 축소를 통한 감세,더불어 민주당,여성,45세,호남 (전라),군인,매우 찬성,약간 찬성,탈원전 기조 유지,방역 중시 (제로 코로나),매우 반대,증세를 통한 복지 확대
2022-05-25 11:26:31,2022-05-25 11:31:50,0,124.50.67.107,100,319,1,2022-05-25 11:31:51,R_8oxMOWaG2UGgVgt,,,,,37.661,126.8324,anonymous,KO,1,2,40,4,9,9,5,2,2,5,1,3,5,1,5,5,소속 정당,더불어 민주당,성별,남성,연령,25세,출신 지역,수도권,전직,변호사,세금과 복지,증세를 통한 복지 확대,탈원전,탈원전 정책 폐기,인도적 대북지원,매우 찬성,집회 및 시위의 자유 보장,매우 반대,코로나 대책,방역 중시 (제로 코로나),한미동맹 강화,약간 찬성,국민의 힘,남성,55세,충청권,검사,증세를 통한 복지 확대,탈원전 기조 유지,약간 반대,매우 반대,방역 중시 (제로 코로나),약간 반대,소속 정당,더불어 민주당,성별,여성,연령,25세,출신 지역,수도권,전직,검사,세금과 복지,증세를 통한 복지 확대,탈원전,탈원전 기조 유지,인도적 대북지원,약간 반대,집회 및 시위의 자유 보장,약간 반대,코로나 대책,경제 중시 (위드 코로나),한미동맹 강화,매우 찬성,국민의 힘,여성,35세,충청권,대기업 최고 경영자 (CEO),증세를 통한 복지 확대,탈원전 기조 유지,매우 찬성,약간 찬성,경제 중시 (위드 코로나),매우 찬성,소속 정당,국민의 힘,성별,여성,연령,45세,출신 지역,영남 (경상),전직,검사,세금과 복지,증세를 통한 복지 확대,탈원전,탈원전 기조 유지,인도적 대북지원,매우 찬성,집회 및 시위의 자유 보장,약간 반대,코로나 대책,방역 중시 (제로 코로나),한미동맹 강화,매우 찬성,국민의 힘,남성,45세,영남 (경상),검사,복지 축소를 통한 감세,탈원전 기조 유지,매우 찬성,매우 반대,방역 중시 (제로 코로나),매우 반대
2022-05-25 11:32:41,2022-05-25 11:34:41,0,115.23.1.168,100,119,1,2022-05-25 11:34:41,R_2rGcMjX9tzwbRis,,,,,35.1566,126.8036,anonymous,KO,1,1,26,4,5,5,5,1,5,5,2,5,5,1,5,5,소속 정당,국민의 힘,성별,여성,연령,45세,출신 지역,영남 (경상),전직,대학교수,세금과 복지,복지 축소를 통한 감세,인도적 대북지원,매우 찬성,한미동맹 강화,약간 반대,탈원전,탈원전 정책 폐기,코로나 대책,방역 중시 (제로 코로나),집회 및 시위의 자유 보장,매우 찬성,더불어 민주당,남성,35세,호남 (전라),변호사,증세를 통한 복지 확대,약간 찬성,매우 찬성,탈원전 기조 유지,경제 중시 (위드 코로나),약간 찬성,소속 정당,더불어 민주당,성별,여성,연령,35세,출신 지역,수도권,전직,대학교수,세금과 복지,복지 축소를 통한 감세,인도적 대북지원,약간 반대,한미동맹 강화,약간 반대,탈원전,탈원전 정책 폐기,코로나 대책,경제 중시 (위드 코로나),집회 및 시위의 자유 보장,매우 반대,국민의 힘,여성,25세,충청권,시민단체 활동가,복지 축소를 통한 감세,약간 찬성,약간 찬성,탈원전 정책 폐기,경제 중시 (위드 코로나),매우 반대,소속 정당,국민의 힘,성별,여성,연령,55세,출신 지역,영남 (경상),전직,시민단체 활동가,세금과 복지,복지 축소를 통한 감세,인도적 대북지원,약간 찬성,한미동맹 강화,약간 찬성,탈원전,탈원전 정책 폐기,코로나 대책,방역 중시 (제로 코로나),집회 및 시위의 자유 보장,약간 반대,더불어 민주당,남성,25세,충청권,시민단체 활동가,증세를 통한 복지 확대,약간 찬성,약간 반대,탈원전 정책 폐기,방역 중시 (제로 코로나),약간 찬성
2022-05-25 11:30:00,2022-05-25 11:35:08,0,111.171.47.120,100,308,1,2022-05-25 11:35:12,R_3MuGRTBKlfrI4a7,,,,,35.8723,128.5924,anonymous,KO,1,1,66,2,3,3,1,1,4,6,2,6,4,1,5,5,소속 정당,더불어 민주당,성별,여성,연령,25세,출신 지역,영남 (경상),전직,시민단체 활동가,집회 및 시위의 자유 보장,약간 찬성,한미동맹 강화,매우 반대,탈원전,탈원전 기조 유지,인도적 대북지원,매우 반대,코로나 대책,경제 중시 (위드 코로나),세금과 복지,증세를 통한 복지 확대,더불어 민주당,여성,35세,수도권,군인,매우 반대,약간 반대,탈원전 기조 유지,매우 찬성,방역 중시 (제로 코로나),증세를 통한 복지 확대,소속 정당,정의당,성별,여성,연령,35세,출신 지역,호남 (전라),전직,대학교수,집회 및 시위의 자유 보장,매우 반대,한미동맹 강화,약간 찬성,탈원전,탈원전 기조 유지,인도적 대북지원,약간 찬성,코로나 대책,방역 중시 (제로 코로나),세금과 복지,복지 축소를 통한 감세,정의당,남성,35세,충청권,대기업 최고 경영자 (CEO),매우 찬성,매우 반대,탈원전 기조 유지,매우 찬성,방역 중시 (제로 코로나),복지 축소를 통한 감세,소속 정당,더불어 민주당,성별,여성,연령,55세,출신 지역,충청권,전직,검사,집회 및 시위의 자유 보장,매우 찬성,한미동맹 강화,약간 찬성,탈원전,탈원전 기조 유지,인도적 대북지원,약간 찬성,코로나 대책,경제 중시 (위드 코로나),세금과 복지,복지 축소를 통한 감세,정의당,여성,65세,영남 (경상),방송 아나운서,약간 찬성,매우 찬성,탈원전 정책 폐기,매우 반대,방역 중시 (제로 코로나),복지 축소를 통한 감세
2022-05-25 11:30:57,2022-05-25 11:37:33,0,210.218.20.44,100,395,1,2022-05-25 11:37:34,R_u1vBB3Yg5YmdOoN,,,,,35.1496,126.9156,anonymous,KO,1,2,61,2,5,5,3,1,2,7,1,8,2,1,3,8,소속 정당,정의당,성별,남성,연령,45세,출신 지역,영남 (경상),전직,검사,인도적 대북지원,약간 찬성,세금과 복지,복지 축소를 통한 감세,집회 및 시위의 자유 보장,매우 찬성,코로나 대책,방역 중시 (제로 코로나),탈원전,탈원전 정책 폐기,한미동맹 강화,약간 찬성,국민의 힘,남성,65세,충청권,대기업 최고 경영자 (CEO),약간 반대,복지 축소를 통한 감세,매우 반대,경제 중시 (위드 코로나),탈원전 정책 폐기,약간 반대,소속 정당,정의당,성별,여성,연령,35세,출신 지역,호남 (전라),전직,방송 아나운서,인도적 대북지원,매우 찬성,세금과 복지,복지 축소를 통한 감세,집회 및 시위의 자유 보장,매우 반대,코로나 대책,방역 중시 (제로 코로나),탈원전,탈원전 정책 폐기,한미동맹 강화,매우 찬성,정의당,여성,65세,수도권,시민단체 활동가,매우 반대,증세를 통한 복지 확대,매우 반대,경제 중시 (위드 코로나),탈원전 정책 폐기,매우 찬성,소속 정당,정의당,성별,남성,연령,55세,출신 지역,호남 (전라),전직,검사,인도적 대북지원,약간 반대,세금과 복지,증세를 통한 복지 확대,집회 및 시위의 자유 보장,매우 찬성,코로나 대책,경제 중시 (위드 코로나),탈원전,탈원전 정책 폐기,한미동맹 강화,매우 반대,정의당,여성,55세,호남 (전라),대기업 최고 경영자 (CEO),약간 찬성,복지 축소를 통한 감세,약간 찬성,경제 중시 (위드 코로나),탈원전 기조 유지,약간 반대
2022-05-25 11:05:56,2022-05-25 11:41:26,0,122.40.37.5,100,2130,1,2022-05-25 11:41:28,R_A6CN2cy6mNZKqKR,,,,,37.1549,127.0674,anonymous,KO,1,1,55,4,9,9,4,2,6,4,1,6,5,2,5,6,소속 정당,정의당,성별,여성,연령,55세,출신 지역,영남 (경상),전직,방송 아나운서,한미동맹 강화,약간 반대,코로나 대책,경제 중시 (위드 코로나),탈원전,탈원전 기조 유지,집회 및 시위의 자유 보장,매우 반대,인도적 대북지원,매우 찬성,세금과 복지,복지 축소를 통한 감세,더불어 민주당,여성,55세,영남 (경상),대학교수,매우 반대,경제 중시 (위드 코로나),탈원전 정책 폐기,약간 찬성,약간 찬성,복지 축소를 통한 감세,소속 정당,국민의 힘,성별,여성,연령,25세,출신 지역,영남 (경상),전직,시민단체 활동가,한미동맹 강화,약간 반대,코로나 대책,방역 중시 (제로 코로나),탈원전,탈원전 정책 폐기,집회 및 시위의 자유 보장,매우 반대,인도적 대북지원,매우 반대,세금과 복지,증세를 통한 복지 확대,정의당,여성,65세,충청권,변호사,매우 반대,경제 중시 (위드 코로나),탈원전 기조 유지,매우 반대,약간 찬성,복지 축소를 통한 감세,소속 정당,더불어 민주당,성별,여성,연령,35세,출신 지역,영남 (경상),전직,군인,한미동맹 강화,매우 찬성,코로나 대책,방역 중시 (제로 코로나),탈원전,탈원전 정책 폐기,집회 및 시위의 자유 보장,매우 반대,인도적 대북지원,매우 반대,세금과 복지,복지 축소를 통한 감세,정의당,여성,45세,충청권,검사,매우 찬성,경제 중시 (위드 코로나),탈원전 기조 유지,약간 반대,약간 찬성,증세를 통한 복지 확대
2022-05-25 11:08:08,2022-05-25 11:47:47,0,61.106.99.78,100,2379,1,2022-05-25 11:47:48,R_1ISg87IOAlkZI9h,,,,,37.621,126.9393,anonymous,KO,1,1,28,2,1,1,2,2,7,3,1,4,7,2,8,3,소속 정당,더불어 민주당,성별,남성,연령,35세,출신 지역,충청권,전직,군인,코로나 대책,경제 중시 (위드 코로나),세금과 복지,복지 축소를 통한 감세,집회 및 시위의 자유 보장,매우 반대,탈원전,탈원전 기조 유지,한미동맹 강화,약간 반대,인도적 대북지원,매우 반대,정의당,남성,35세,수도권,대기업 최고 경영자 (CEO),경제 중시 (위드 코로나),복지 축소를 통한 감세,약간 반대,탈원전 정책 폐기,매우 반대,매우 반대,소속 정당,국민의 힘,성별,남성,연령,65세,출신 지역,영남 (경상),전직,방송 아나운서,코로나 대책,경제 중시 (위드 코로나),세금과 복지,복지 축소를 통한 감세,집회 및 시위의 자유 보장,약간 찬성,탈원전,탈원전 기조 유지,한미동맹 강화,매우 찬성,인도적 대북지원,약간 반대,더불어 민주당,여성,25세,호남 (전라),군인,방역 중시 (제로 코로나),복지 축소를 통한 감세,약간 찬성,탈원전 기조 유지,약간 반대,매우 반대,소속 정당,국민의 힘,성별,남성,연령,65세,출신 지역,수도권,전직,대기업 최고 경영자 (CEO),코로나 대책,방역 중시 (제로 코로나),세금과 복지,복지 축소를 통한 감세,집회 및 시위의 자유 보장,매우 반대,탈원전,탈원전 정책 폐기,한미동맹 강화,매우 반대,인도적 대북지원,약간 반대,국민의 힘,여성,25세,영남 (경상),방송 아나운서,경제 중시 (위드 코로나),복지 축소를 통한 감세,약간 찬성,탈원전 기조 유지,매우 찬성,매우 찬성
2022-05-25 12:01:36,2022-05-25 12:05:20,0,222.97.144.145,100,224,1,2022-05-25 12:05:21,R_2qyCBLa01lPyXmH,,,,,35.1025,129.0394,anonymous,KO,1,2,43,4,2,2,4,1,8,6,2,7,9,2,7,8,소속 정당,국민의 힘,성별,남성,연령,25세,출신 지역,수도권,전직,검사,한미동맹 강화,약간 찬성,집회 및 시위의 자유 보장,약간 찬성,탈원전,탈원전 정책 폐기,인도적 대북지원,매우 찬성,코로나 대책,경제 중시 (위드 코로나),세금과 복지,복지 축소를 통한 감세,국민의 힘,여성,55세,충청권,검사,약간 반대,매우 찬성,탈원전 정책 폐기,매우 반대,경제 중시 (위드 코로나),증세를 통한 복지 확대,소속 정당,더불어 민주당,성별,남성,연령,45세,출신 지역,충청권,전직,시민단체 활동가,한미동맹 강화,약간 반대,집회 및 시위의 자유 보장,약간 반대,탈원전,탈원전 기조 유지,인도적 대북지원,매우 반대,코로나 대책,경제 중시 (위드 코로나),세금과 복지,복지 축소를 통한 감세,정의당,여성,25세,호남 (전라),시민단체 활동가,약간 찬성,약간 찬성,탈원전 정책 폐기,매우 찬성,경제 중시 (위드 코로나),복지 축소를 통한 감세,소속 정당,국민의 힘,성별,여성,연령,55세,출신 지역,충청권,전직,대기업 최고 경영자 (CEO),한미동맹 강화,매우 찬성,집회 및 시위의 자유 보장,매우 찬성,탈원전,탈원전 정책 폐기,인도적 대북지원,약간 찬성,코로나 대책,방역 중시 (제로 코로나),세금과 복지,복지 축소를 통한 감세,국민의 힘,남성,25세,호남 (전라),방송 아나운서,약간 찬성,매우 반대,탈원전 정책 폐기,약간 반대,방역 중시 (제로 코로나),증세를 통한 복지 확대
2022-05-25 12:04:01,2022-05-25 12:06:40,0,1.251.232.247,100,159,1,2022-05-25 12:06:43,R_2zcNoou5BR4lhGI,,,,,35.9034,128.5923,anonymous,KO,1,2,46,4,3,3,5,2,7,9,1,8,7,1,8,7,소속 정당,정의당,성별,남성,연령,55세,출신 지역,수도권,전직,대기업 최고 경영자 (CEO),코로나 대책,경제 중시 (위드 코로나),인도적 대북지원,매우 찬성,집회 및 시위의 자유 보장,약간 찬성,한미동맹 강화,매우 반대,탈원전,탈원전 정책 폐기,세금과 복지,복지 축소를 통한 감세,더불어 민주당,여성,45세,영남 (경상),군인,방역 중시 (제로 코로나),매우 찬성,매우 찬성,약간 찬성,탈원전 기조 유지,증세를 통한 복지 확대,소속 정당,국민의 힘,성별,여성,연령,35세,출신 지역,영남 (경상),전직,대기업 최고 경영자 (CEO),코로나 대책,경제 중시 (위드 코로나),인도적 대북지원,약간 반대,집회 및 시위의 자유 보장,매우 반대,한미동맹 강화,약간 반대,탈원전,탈원전 정책 폐기,세금과 복지,복지 축소를 통한 감세,더불어 민주당,여성,25세,충청권,방송 아나운서,방역 중시 (제로 코로나),매우 반대,약간 반대,매우 반대,탈원전 정책 폐기,증세를 통한 복지 확대,소속 정당,정의당,성별,여성,연령,45세,출신 지역,영남 (경상),전직,방송 아나운서,코로나 대책,경제 중시 (위드 코로나),인도적 대북지원,매우 찬성,집회 및 시위의 자유 보장,약간 찬성,한미동맹 강화,매우 찬성,탈원전,탈원전 정책 폐기,세금과 복지,복지 축소를 통한 감세,국민의 힘,남성,35세,충청권,변호사,방역 중시 (제로 코로나),약간 찬성,약간 찬성,매우 찬성,탈원전 기조 유지,복지 축소를 통한 감세
2022-05-25 12:02:00,2022-05-25 12:06:57,0,114.204.241.90,100,296,1,2022-05-25 12:06:58,R_06gxsBSu7YzZWJH,,,,,35.824,128.7304,anonymous,KO,1,1,27,4,9,1,3,2,8,7,2,5,5,2,6,3,소속 정당,정의당,성별,여성,연령,35세,출신 지역,호남 (전라),전직,변호사,세금과 복지,복지 축소를 통한 감세,코로나 대책,방역 중시 (제로 코로나),인도적 대북지원,약간 반대,집회 및 시위의 자유 보장,약간 찬성,한미동맹 강화,약간 찬성,탈원전,탈원전 기조 유지,정의당,남성,45세,호남 (전라),군인,복지 축소를 통한 감세,경제 중시 (위드 코로나),매우 찬성,매우 반대,매우 찬성,탈원전 기조 유지,소속 정당,정의당,성별,여성,연령,25세,출신 지역,충청권,전직,대학교수,세금과 복지,복지 축소를 통한 감세,코로나 대책,방역 중시 (제로 코로나),인도적 대북지원,약간 찬성,집회 및 시위의 자유 보장,약간 찬성,한미동맹 강화,매우 찬성,탈원전,탈원전 정책 폐기,정의당,남성,35세,영남 (경상),변호사,증세를 통한 복지 확대,경제 중시 (위드 코로나),매우 찬성,약간 찬성,매우 찬성,탈원전 정책 폐기,소속 정당,정의당,성별,남성,연령,45세,출신 지역,영남 (경상),전직,시민단체 활동가,세금과 복지,증세를 통한 복지 확대,코로나 대책,방역 중시 (제로 코로나),인도적 대북지원,매우 찬성,집회 및 시위의 자유 보장,약간 반대,한미동맹 강화,약간 찬성,탈원전,탈원전 기조 유지,더불어 민주당,여성,45세,호남 (전라),시민단체 활동가,복지 축소를 통한 감세,경제 중시 (위드 코로나),매우 찬성,매우 반대,매우 찬성,탈원전 기조 유지
2022-05-25 12:06:40,2022-05-25 12:10:24,0,124.62.108.2,100,223,1,2022-05-25 12:10:25,R_1ONBRXtp3gWkyGT,,,,,36.3243,127.4338,anonymous,KO,1,2,43,5,6,6,4,2,5,7,2,5,6,2,4,6,소속 정당,정의당,성별,남성,연령,45세,출신 지역,영남 (경상),전직,대학교수,코로나 대책,방역 중시 (제로 코로나),집회 및 시위의 자유 보장,매우 반대,한미동맹 강화,매우 반대,세금과 복지,복지 축소를 통한 감세,탈원전,탈원전 정책 폐기,인도적 대북지원,약간 반대,국민의 힘,여성,45세,영남 (경상),대기업 최고 경영자 (CEO),방역 중시 (제로 코로나),약간 찬성,매우 찬성,증세를 통한 복지 확대,탈원전 기조 유지,매우 반대,소속 정당,국민의 힘,성별,여성,연령,45세,출신 지역,충청권,전직,방송 아나운서,코로나 대책,경제 중시 (위드 코로나),집회 및 시위의 자유 보장,약간 반대,한미동맹 강화,약간 반대,세금과 복지,증세를 통한 복지 확대,탈원전,탈원전 기조 유지,인도적 대북지원,약간 반대,정의당,남성,65세,충청권,검사,경제 중시 (위드 코로나),매우 반대,약간 반대,복지 축소를 통한 감세,탈원전 기조 유지,약간 찬성,소속 정당,정의당,성별,여성,연령,55세,출신 지역,영남 (경상),전직,대학교수,코로나 대책,방역 중시 (제로 코로나),집회 및 시위의 자유 보장,매우 찬성,한미동맹 강화,약간 찬성,세금과 복지,증세를 통한 복지 확대,탈원전,탈원전 기조 유지,인도적 대북지원,약간 반대,더불어 민주당,남성,25세,영남 (경상),방송 아나운서,방역 중시 (제로 코로나),약간 찬성,약간 찬성,복지 축소를 통한 감세,탈원전 정책 폐기,매우 찬성
2022-05-25 12:05:12,2022-05-25 12:10:27,0,180.71.118.56,100,315,1,2022-05-25 12:10:28,R_2X5JOmwu7XQfZF0,,,,,35.8283,128.5152,anonymous,KO,1,1,49,2,3,3,4,2,5,5,1,4,4,2,5,5,소속 정당,더불어 민주당,성별,여성,연령,45세,출신 지역,영남 (경상),전직,시민단체 활동가,코로나 대책,방역 중시 (제로 코로나),한미동맹 강화,약간 반대,인도적 대북지원,매우 반대,집회 및 시위의 자유 보장,약간 찬성,세금과 복지,복지 축소를 통한 감세,탈원전,탈원전 정책 폐기,더불어 민주당,여성,35세,충청권,변호사,방역 중시 (제로 코로나),매우 찬성,약간 반대,약간 반대,증세를 통한 복지 확대,탈원전 정책 폐기,소속 정당,정의당,성별,여성,연령,45세,출신 지역,호남 (전라),전직,대기업 최고 경영자 (CEO),코로나 대책,방역 중시 (제로 코로나),한미동맹 강화,매우 찬성,인도적 대북지원,약간 찬성,집회 및 시위의 자유 보장,약간 반대,세금과 복지,복지 축소를 통한 감세,탈원전,탈원전 정책 폐기,더불어 민주당,남성,55세,충청권,검사,경제 중시 (위드 코로나),매우 찬성,매우 반대,약간 찬성,증세를 통한 복지 확대,탈원전 정책 폐기,소속 정당,더불어 민주당,성별,여성,연령,45세,출신 지역,충청권,전직,방송 아나운서,코로나 대책,경제 중시 (위드 코로나),한미동맹 강화,매우 찬성,인도적 대북지원,약간 반대,집회 및 시위의 자유 보장,매우 반대,세금과 복지,복지 축소를 통한 감세,탈원전,탈원전 기조 유지,더불어 민주당,여성,25세,영남 (경상),검사,경제 중시 (위드 코로나),약간 반대,매우 찬성,약간 찬성,증세를 통한 복지 확대,탈원전 기조 유지
2022-05-25 12:08:19,2022-05-25 12:10:49,0,106.243.13.252,100,150,1,2022-05-25 12:10:50,R_3GrjUgvbkVJ9zy7,,,,,37.4897,127.0639,anonymous,KO,1,2,43,5,1,1,6,1,6,0,1,4,3,2,0,6,소속 정당,국민의 힘,성별,여성,연령,25세,출신 지역,충청권,전직,방송 아나운서,집회 및 시위의 자유 보장,매우 찬성,탈원전,탈원전 기조 유지,한미동맹 강화,매우 반대,세금과 복지,복지 축소를 통한 감세,인도적 대북지원,매우 반대,코로나 대책,경제 중시 (위드 코로나),더불어 민주당,남성,65세,호남 (전라),방송 아나운서,약간 찬성,탈원전 정책 폐기,매우 찬성,복지 축소를 통한 감세,약간 반대,경제 중시 (위드 코로나),소속 정당,더불어 민주당,성별,남성,연령,55세,출신 지역,충청권,전직,검사,집회 및 시위의 자유 보장,약간 찬성,탈원전,탈원전 기조 유지,한미동맹 강화,약간 반대,세금과 복지,복지 축소를 통한 감세,인도적 대북지원,약간 찬성,코로나 대책,방역 중시 (제로 코로나),더불어 민주당,남성,65세,충청권,군인,약간 찬성,탈원전 정책 폐기,약간 찬성,복지 축소를 통한 감세,매우 찬성,방역 중시 (제로 코로나),소속 정당,정의당,성별,남성,연령,55세,출신 지역,충청권,전직,대기업 최고 경영자 (CEO),집회 및 시위의 자유 보장,매우 찬성,탈원전,탈원전 정책 폐기,한미동맹 강화,매우 찬성,세금과 복지,복지 축소를 통한 감세,인도적 대북지원,약간 찬성,코로나 대책,방역 중시 (제로 코로나),국민의 힘,여성,55세,충청권,대기업 최고 경영자 (CEO),약간 반대,탈원전 정책 폐기,약간 찬성,증세를 통한 복지 확대,매우 반대,방역 중시 (제로 코로나)
2022-05-25 12:05:09,2022-05-25 12:11:13,0,121.145.191.3,100,363,1,2022-05-25 12:11:13,R_9EvsqQrGgdUGkvv,,,,,35.1513,129.1203,anonymous,KO,1,1,44,3,2,2,3,1,6,6,2,4,4,1,4,6,소속 정당,국민의 힘,성별,여성,연령,35세,출신 지역,충청권,전직,방송 아나운서,한미동맹 강화,약간 반대,인도적 대북지원,매우 찬성,세금과 복지,복지 축소를 통한 감세,집회 및 시위의 자유 보장,매우 찬성,코로나 대책,방역 중시 (제로 코로나),탈원전,탈원전 정책 폐기,국민의 힘,남성,65세,호남 (전라),시민단체 활동가,약간 반대,매우 반대,증세를 통한 복지 확대,매우 반대,경제 중시 (위드 코로나),탈원전 정책 폐기,소속 정당,정의당,성별,남성,연령,25세,출신 지역,수도권,전직,검사,한미동맹 강화,약간 찬성,인도적 대북지원,매우 찬성,세금과 복지,복지 축소를 통한 감세,집회 및 시위의 자유 보장,약간 반대,코로나 대책,경제 중시 (위드 코로나),탈원전,탈원전 정책 폐기,정의당,남성,25세,충청권,방송 아나운서,매우 찬성,매우 반대,복지 축소를 통한 감세,약간 찬성,경제 중시 (위드 코로나),탈원전 기조 유지,소속 정당,더불어 민주당,성별,남성,연령,45세,출신 지역,수도권,전직,방송 아나운서,한미동맹 강화,약간 반대,인도적 대북지원,약간 찬성,세금과 복지,복지 축소를 통한 감세,집회 및 시위의 자유 보장,약간 찬성,코로나 대책,경제 중시 (위드 코로나),탈원전,탈원전 정책 폐기,국민의 힘,여성,45세,충청권,대기업 최고 경영자 (CEO),매우 반대,약간 찬성,증세를 통한 복지 확대,약간 반대,경제 중시 (위드 코로나),탈원전 정책 폐기
2022-05-25 12:06:04,2022-05-25 12:12:12,0,1.242.42.72,100,367,1,2022-05-25 12:12:12,R_6fZegXdCmb0YMDf,,,,,37.3253,126.8178,anonymous,KO,1,1,27,2,9,9,2,1,4,5,1,7,4,2,3,7,소속 정당,국민의 힘,성별,여성,연령,45세,출신 지역,수도권,전직,검사,탈원전,탈원전 정책 폐기,인도적 대북지원,매우 찬성,한미동맹 강화,매우 찬성,세금과 복지,증세를 통한 복지 확대,코로나 대책,방역 중시 (제로 코로나),집회 및 시위의 자유 보장,약간 반대,정의당,남성,55세,호남 (전라),대학교수,탈원전 기조 유지,매우 반대,약간 찬성,복지 축소를 통한 감세,방역 중시 (제로 코로나),매우 찬성,소속 정당,정의당,성별,여성,연령,25세,출신 지역,수도권,전직,검사,탈원전,탈원전 기조 유지,인도적 대북지원,약간 반대,한미동맹 강화,약간 찬성,세금과 복지,복지 축소를 통한 감세,코로나 대책,경제 중시 (위드 코로나),집회 및 시위의 자유 보장,약간 반대,정의당,여성,45세,수도권,대학교수,탈원전 기조 유지,약간 찬성,약간 찬성,증세를 통한 복지 확대,방역 중시 (제로 코로나),매우 찬성,소속 정당,정의당,성별,남성,연령,45세,출신 지역,충청권,전직,방송 아나운서,탈원전,탈원전 정책 폐기,인도적 대북지원,약간 반대,한미동맹 강화,매우 반대,세금과 복지,증세를 통한 복지 확대,코로나 대책,방역 중시 (제로 코로나),집회 및 시위의 자유 보장,매우 반대,정의당,남성,45세,수도권,대기업 최고 경영자 (CEO),탈원전 기조 유지,약간 찬성,매우 찬성,증세를 통한 복지 확대,방역 중시 (제로 코로나),약간 반대
2022-05-25 12:08:57,2022-05-25 12:13:57,0,221.144.140.73,100,299,1,2022-05-25 12:13:57,R_RXBySYC865IzrDr,,,,,37.437,129.1695,anonymous,KO,1,1,28,4,10,1,1,2,4,6,1,8,7,2,3,7,소속 정당,정의당,성별,여성,연령,35세,출신 지역,호남 (전라),전직,대기업 최고 경영자 (CEO),코로나 대책,방역 중시 (제로 코로나),한미동맹 강화,약간 반대,탈원전,탈원전 정책 폐기,인도적 대북지원,약간 찬성,집회 및 시위의 자유 보장,약간 찬성,세금과 복지,증세를 통한 복지 확대,국민의 힘,남성,65세,호남 (전라),대학교수,방역 중시 (제로 코로나),약간 반대,탈원전 기조 유지,약간 반대,매우 찬성,증세를 통한 복지 확대,소속 정당,국민의 힘,성별,남성,연령,35세,출신 지역,충청권,전직,대학교수,코로나 대책,방역 중시 (제로 코로나),한미동맹 강화,약간 반대,탈원전,탈원전 정책 폐기,인도적 대북지원,약간 반대,집회 및 시위의 자유 보장,약간 반대,세금과 복지,증세를 통한 복지 확대,정의당,남성,35세,호남 (전라),군인,방역 중시 (제로 코로나),매우 찬성,탈원전 정책 폐기,매우 찬성,약간 반대,증세를 통한 복지 확대,소속 정당,더불어 민주당,성별,남성,연령,65세,출신 지역,수도권,전직,시민단체 활동가,코로나 대책,방역 중시 (제로 코로나),한미동맹 강화,매우 반대,탈원전,탈원전 기조 유지,인도적 대북지원,약간 찬성,집회 및 시위의 자유 보장,매우 반대,세금과 복지,증세를 통한 복지 확대,국민의 힘,남성,35세,충청권,검사,방역 중시 (제로 코로나),약간 찬성,탈원전 기조 유지,매우 찬성,매우 반대,복지 축소를 통한 감세
2022-05-25 12:06:59,2022-05-25 12:14:41,0,118.219.130.160,100,461,1,2022-05-25 12:14:41,R_3e1Uoo38lYI6E95,,,,,35.3447,129.0299,anonymous,KO,1,1,70,4,16,16,3,2,4,7,2,6,8,2,3,5,소속 정당,국민의 힘,성별,여성,연령,45세,출신 지역,충청권,전직,검사,세금과 복지,증세를 통한 복지 확대,집회 및 시위의 자유 보장,매우 찬성,인도적 대북지원,약간 반대,코로나 대책,경제 중시 (위드 코로나),탈원전,탈원전 기조 유지,한미동맹 강화,약간 찬성,국민의 힘,남성,35세,수도권,검사,복지 축소를 통한 감세,매우 찬성,약간 찬성,경제 중시 (위드 코로나),탈원전 정책 폐기,약간 찬성,소속 정당,더불어 민주당,성별,여성,연령,25세,출신 지역,영남 (경상),전직,대기업 최고 경영자 (CEO),세금과 복지,증세를 통한 복지 확대,집회 및 시위의 자유 보장,약간 찬성,인도적 대북지원,매우 찬성,코로나 대책,경제 중시 (위드 코로나),탈원전,탈원전 기조 유지,한미동맹 강화,약간 반대,국민의 힘,여성,55세,충청권,군인,복지 축소를 통한 감세,약간 찬성,매우 반대,방역 중시 (제로 코로나),탈원전 정책 폐기,매우 반대,소속 정당,더불어 민주당,성별,남성,연령,55세,출신 지역,충청권,전직,검사,세금과 복지,증세를 통한 복지 확대,집회 및 시위의 자유 보장,약간 찬성,인도적 대북지원,약간 반대,코로나 대책,경제 중시 (위드 코로나),탈원전,탈원전 정책 폐기,한미동맹 강화,매우 반대,더불어 민주당,여성,25세,호남 (전라),대학교수,복지 축소를 통한 감세,매우 찬성,약간 찬성,경제 중시 (위드 코로나),탈원전 기조 유지,매우 찬성
2022-05-25 12:13:12,2022-05-25 12:16:13,0,116.124.46.11,100,180,1,2022-05-25 12:16:14,R_29bNHKlqvKipUKO,,,,,35.1544,126.8957,anonymous,KO,1,2,32,4,5,14,1,2,5,5,2,5,5,2,5,5,소속 정당,정의당,성별,남성,연령,45세,출신 지역,수도권,전직,대학교수,코로나 대책,경제 중시 (위드 코로나),인도적 대북지원,약간 찬성,집회 및 시위의 자유 보장,매우 찬성,한미동맹 강화,매우 반대,세금과 복지,증세를 통한 복지 확대,탈원전,탈원전 기조 유지,정의당,남성,45세,충청권,검사,방역 중시 (제로 코로나),약간 찬성,매우 찬성,약간 찬성,증세를 통한 복지 확대,탈원전 기조 유지,소속 정당,정의당,성별,여성,연령,35세,출신 지역,충청권,전직,변호사,코로나 대책,경제 중시 (위드 코로나),인도적 대북지원,약간 반대,집회 및 시위의 자유 보장,약간 찬성,한미동맹 강화,약간 반대,세금과 복지,복지 축소를 통한 감세,탈원전,탈원전 기조 유지,더불어 민주당,여성,35세,호남 (전라),군인,경제 중시 (위드 코로나),약간 찬성,약간 찬성,약간 찬성,증세를 통한 복지 확대,탈원전 기조 유지,소속 정당,정의당,성별,남성,연령,55세,출신 지역,호남 (전라),전직,대기업 최고 경영자 (CEO),코로나 대책,경제 중시 (위드 코로나),인도적 대북지원,매우 찬성,집회 및 시위의 자유 보장,약간 찬성,한미동맹 강화,약간 찬성,세금과 복지,증세를 통한 복지 확대,탈원전,탈원전 정책 폐기,정의당,남성,45세,충청권,방송 아나운서,경제 중시 (위드 코로나),약간 반대,매우 찬성,약간 반대,증세를 통한 복지 확대,탈원전 기조 유지
2022-05-25 12:15:32,2022-05-25 12:21:22,0,220.81.210.58,100,349,1,2022-05-25 12:21:22,R_pfUHC27XDFCvAuB,,,,,36.2828,127.413,anonymous,KO,1,1,48,4,1,1,4,1,7,8,1,3,4,1,4,4,소속 정당,국민의 힘,성별,여성,연령,55세,출신 지역,영남 (경상),전직,대학교수,세금과 복지,복지 축소를 통한 감세,한미동맹 강화,매우 반대,코로나 대책,방역 중시 (제로 코로나),집회 및 시위의 자유 보장,약간 찬성,탈원전,탈원전 기조 유지,인도적 대북지원,매우 찬성,국민의 힘,여성,65세,충청권,변호사,증세를 통한 복지 확대,약간 찬성,방역 중시 (제로 코로나),매우 반대,탈원전 기조 유지,매우 반대,소속 정당,국민의 힘,성별,여성,연령,45세,출신 지역,영남 (경상),전직,대학교수,세금과 복지,복지 축소를 통한 감세,한미동맹 강화,약간 반대,코로나 대책,경제 중시 (위드 코로나),집회 및 시위의 자유 보장,매우 찬성,탈원전,탈원전 기조 유지,인도적 대북지원,약간 반대,정의당,여성,25세,영남 (경상),변호사,증세를 통한 복지 확대,약간 반대,방역 중시 (제로 코로나),매우 찬성,탈원전 기조 유지,매우 찬성,소속 정당,더불어 민주당,성별,여성,연령,45세,출신 지역,호남 (전라),전직,군인,세금과 복지,복지 축소를 통한 감세,한미동맹 강화,약간 반대,코로나 대책,방역 중시 (제로 코로나),집회 및 시위의 자유 보장,매우 찬성,탈원전,탈원전 기조 유지,인도적 대북지원,약간 찬성,정의당,남성,25세,충청권,대기업 최고 경영자 (CEO),증세를 통한 복지 확대,약간 반대,경제 중시 (위드 코로나),매우 찬성,탈원전 정책 폐기,매우 찬성
2022-05-25 12:20:03,2022-05-25 12:21:59,0,223.38.87.210,100,115,1,2022-05-25 12:22:01,R_3m3ulcZmEuuazNP,,,,,37.5003,126.9565,anonymous,KO,1,2,34,4,9,9,4,2,6,6,2,5,5,2,5,5,소속 정당,국민의 힘,성별,남성,연령,25세,출신 지역,호남 (전라),전직,대기업 최고 경영자 (CEO),집회 및 시위의 자유 보장,매우 반대,인도적 대북지원,매우 찬성,세금과 복지,증세를 통한 복지 확대,탈원전,탈원전 정책 폐기,한미동맹 강화,매우 찬성,코로나 대책,방역 중시 (제로 코로나),더불어 민주당,남성,55세,호남 (전라),대학교수,매우 찬성,약간 반대,복지 축소를 통한 감세,탈원전 정책 폐기,약간 반대,경제 중시 (위드 코로나),소속 정당,정의당,성별,남성,연령,45세,출신 지역,호남 (전라),전직,시민단체 활동가,집회 및 시위의 자유 보장,약간 반대,인도적 대북지원,약간 반대,세금과 복지,증세를 통한 복지 확대,탈원전,탈원전 기조 유지,한미동맹 강화,약간 찬성,코로나 대책,경제 중시 (위드 코로나),더불어 민주당,남성,45세,영남 (경상),검사,약간 찬성,매우 반대,복지 축소를 통한 감세,탈원전 기조 유지,약간 반대,방역 중시 (제로 코로나),소속 정당,정의당,성별,여성,연령,35세,출신 지역,영남 (경상),전직,군인,집회 및 시위의 자유 보장,약간 찬성,인도적 대북지원,매우 반대,세금과 복지,복지 축소를 통한 감세,탈원전,탈원전 기조 유지,한미동맹 강화,매우 반대,코로나 대책,방역 중시 (제로 코로나),더불어 민주당,남성,55세,수도권,대학교수,매우 반대,약간 찬성,증세를 통한 복지 확대,탈원전 기조 유지,약간 찬성,경제 중시 (위드 코로나)
2022-05-25 12:23:02,2022-05-25 12:27:20,0,61.253.187.223,100,258,1,2022-05-25 12:27:22,R_2ONZD1dSQBE21AY,,,,,37.661,126.8324,anonymous,KO,1,2,31,2,9,1,2,2,1,6,2,1,2,2,2,2,소속 정당,더불어 민주당,성별,남성,연령,35세,출신 지역,호남 (전라),전직,변호사,코로나 대책,방역 중시 (제로 코로나),한미동맹 강화,매우 반대,집회 및 시위의 자유 보장,약간 반대,세금과 복지,증세를 통한 복지 확대,탈원전,탈원전 정책 폐기,인도적 대북지원,매우 반대,국민의 힘,여성,65세,수도권,대학교수,방역 중시 (제로 코로나),매우 반대,매우 찬성,복지 축소를 통한 감세,탈원전 정책 폐기,약간 반대,소속 정당,국민의 힘,성별,남성,연령,45세,출신 지역,수도권,전직,방송 아나운서,코로나 대책,방역 중시 (제로 코로나),한미동맹 강화,매우 찬성,집회 및 시위의 자유 보장,약간 반대,세금과 복지,증세를 통한 복지 확대,탈원전,탈원전 기조 유지,인도적 대북지원,약간 찬성,국민의 힘,남성,25세,충청권,대학교수,방역 중시 (제로 코로나),매우 반대,매우 찬성,증세를 통한 복지 확대,탈원전 기조 유지,매우 반대,소속 정당,정의당,성별,여성,연령,55세,출신 지역,충청권,전직,시민단체 활동가,코로나 대책,경제 중시 (위드 코로나),한미동맹 강화,약간 반대,집회 및 시위의 자유 보장,매우 찬성,세금과 복지,증세를 통한 복지 확대,탈원전,탈원전 정책 폐기,인도적 대북지원,약간 찬성,국민의 힘,남성,25세,충청권,시민단체 활동가,방역 중시 (제로 코로나),약간 찬성,약간 찬성,증세를 통한 복지 확대,탈원전 기조 유지,약간 반대
2022-05-25 12:26:31,2022-05-25 12:29:41,0,114.200.106.57,100,190,1,2022-05-25 12:29:41,R_2aQS6yn4P32bOMn,,,,,35.9034,128.5923,anonymous,KO,1,2,23,4,3,3,5,2,3,7,2,9,9,2,8,3,소속 정당,더불어 민주당,성별,여성,연령,55세,출신 지역,수도권,전직,대학교수,탈원전,탈원전 정책 폐기,인도적 대북지원,약간 반대,집회 및 시위의 자유 보장,약간 반대,세금과 복지,복지 축소를 통한 감세,코로나 대책,방역 중시 (제로 코로나),한미동맹 강화,매우 반대,정의당,남성,55세,충청권,대학교수,탈원전 기조 유지,매우 찬성,약간 찬성,증세를 통한 복지 확대,방역 중시 (제로 코로나),약간 반대,소속 정당,정의당,성별,여성,연령,55세,출신 지역,영남 (경상),전직,검사,탈원전,탈원전 정책 폐기,인도적 대북지원,매우 찬성,집회 및 시위의 자유 보장,매우 반대,세금과 복지,복지 축소를 통한 감세,코로나 대책,방역 중시 (제로 코로나),한미동맹 강화,매우 찬성,더불어 민주당,여성,55세,호남 (전라),변호사,탈원전 정책 폐기,약간 찬성,약간 찬성,복지 축소를 통한 감세,경제 중시 (위드 코로나),약간 찬성,소속 정당,더불어 민주당,성별,남성,연령,25세,출신 지역,영남 (경상),전직,변호사,탈원전,탈원전 기조 유지,인도적 대북지원,매우 반대,집회 및 시위의 자유 보장,매우 반대,세금과 복지,증세를 통한 복지 확대,코로나 대책,방역 중시 (제로 코로나),한미동맹 강화,매우 반대,더불어 민주당,여성,55세,충청권,시민단체 활동가,탈원전 기조 유지,매우 반대,매우 찬성,증세를 통한 복지 확대,방역 중시 (제로 코로나),매우 반대
2022-05-25 12:23:22,2022-05-25 12:31:17,0,59.17.215.43,100,474,1,2022-05-25 12:31:17,R_Uni2acdDrhIaVoZ,,,,,37.4135,126.7153,anonymous,KO,1,2,56,4,4,4,5,2,3,5,1,5,5,2,5,5,소속 정당,정의당,성별,남성,연령,25세,출신 지역,충청권,전직,군인,집회 및 시위의 자유 보장,매우 반대,코로나 대책,경제 중시 (위드 코로나),한미동맹 강화,매우 반대,탈원전,탈원전 정책 폐기,세금과 복지,증세를 통한 복지 확대,인도적 대북지원,매우 찬성,더불어 민주당,여성,45세,호남 (전라),대학교수,약간 찬성,방역 중시 (제로 코로나),매우 반대,탈원전 기조 유지,증세를 통한 복지 확대,약간 반대,소속 정당,더불어 민주당,성별,여성,연령,65세,출신 지역,충청권,전직,방송 아나운서,집회 및 시위의 자유 보장,약간 찬성,코로나 대책,방역 중시 (제로 코로나),한미동맹 강화,매우 반대,탈원전,탈원전 정책 폐기,세금과 복지,복지 축소를 통한 감세,인도적 대북지원,매우 반대,국민의 힘,남성,35세,영남 (경상),군인,약간 반대,방역 중시 (제로 코로나),매우 찬성,탈원전 기조 유지,복지 축소를 통한 감세,매우 찬성,소속 정당,국민의 힘,성별,남성,연령,35세,출신 지역,충청권,전직,변호사,집회 및 시위의 자유 보장,약간 찬성,코로나 대책,방역 중시 (제로 코로나),한미동맹 강화,매우 찬성,탈원전,탈원전 정책 폐기,세금과 복지,복지 축소를 통한 감세,인도적 대북지원,약간 찬성,정의당,여성,35세,충청권,검사,매우 반대,방역 중시 (제로 코로나),약간 반대,탈원전 정책 폐기,증세를 통한 복지 확대,약간 반대
2022-05-25 12:29:47,2022-05-25 12:39:03,0,122.32.108.3,100,556,1,2022-05-25 12:39:04,R_3FPZMv4rbnYpNIB,,,,,36.2742,127.3349,anonymous,KO,1,1,61,2,6,12,2,2,10,9,1,7,10,1,10,10,소속 정당,국민의 힘,성별,남성,연령,45세,출신 지역,영남 (경상),전직,검사,인도적 대북지원,약간 반대,한미동맹 강화,약간 반대,집회 및 시위의 자유 보장,약간 반대,세금과 복지,복지 축소를 통한 감세,코로나 대책,방역 중시 (제로 코로나),탈원전,탈원전 정책 폐기,정의당,남성,55세,영남 (경상),검사,약간 찬성,매우 반대,약간 찬성,복지 축소를 통한 감세,방역 중시 (제로 코로나),탈원전 기조 유지,소속 정당,더불어 민주당,성별,남성,연령,35세,출신 지역,호남 (전라),전직,대기업 최고 경영자 (CEO),인도적 대북지원,매우 찬성,한미동맹 강화,약간 찬성,집회 및 시위의 자유 보장,매우 찬성,세금과 복지,증세를 통한 복지 확대,코로나 대책,방역 중시 (제로 코로나),탈원전,탈원전 정책 폐기,정의당,남성,35세,수도권,대기업 최고 경영자 (CEO),매우 찬성,약간 반대,매우 반대,복지 축소를 통한 감세,방역 중시 (제로 코로나),탈원전 정책 폐기,소속 정당,정의당,성별,여성,연령,55세,출신 지역,호남 (전라),전직,검사,인도적 대북지원,약간 찬성,한미동맹 강화,매우 반대,집회 및 시위의 자유 보장,매우 찬성,세금과 복지,복지 축소를 통한 감세,코로나 대책,방역 중시 (제로 코로나),탈원전,탈원전 정책 폐기,국민의 힘,남성,25세,호남 (전라),검사,약간 반대,약간 반대,매우 반대,증세를 통한 복지 확대,경제 중시 (위드 코로나),탈원전 기조 유지
2022-05-25 12:43:16,2022-05-25 12:48:33,0,211.184.148.128,100,316,1,2022-05-25 12:48:35,R_3qP8jDFSmo2uBdb,,,,,35.1659,129.0542,anonymous,KO,1,2,41,4,1,2,5,2,6,5,2,5,4,2,7,5,소속 정당,국민의 힘,성별,여성,연령,55세,출신 지역,충청권,전직,검사,한미동맹 강화,매우 반대,인도적 대북지원,약간 반대,세금과 복지,복지 축소를 통한 감세,탈원전,탈원전 기조 유지,코로나 대책,경제 중시 (위드 코로나),집회 및 시위의 자유 보장,매우 찬성,국민의 힘,여성,35세,충청권,검사,약간 찬성,매우 반대,복지 축소를 통한 감세,탈원전 정책 폐기,방역 중시 (제로 코로나),매우 찬성,소속 정당,정의당,성별,여성,연령,25세,출신 지역,영남 (경상),전직,방송 아나운서,한미동맹 강화,매우 찬성,인도적 대북지원,매우 찬성,세금과 복지,증세를 통한 복지 확대,탈원전,탈원전 정책 폐기,코로나 대책,방역 중시 (제로 코로나),집회 및 시위의 자유 보장,매우 찬성,정의당,여성,35세,영남 (경상),대기업 최고 경영자 (CEO),약간 찬성,매우 반대,증세를 통한 복지 확대,탈원전 기조 유지,경제 중시 (위드 코로나),약간 찬성,소속 정당,더불어 민주당,성별,여성,연령,25세,출신 지역,수도권,전직,대학교수,한미동맹 강화,약간 찬성,인도적 대북지원,매우 반대,세금과 복지,증세를 통한 복지 확대,탈원전,탈원전 기조 유지,코로나 대책,경제 중시 (위드 코로나),집회 및 시위의 자유 보장,약간 반대,정의당,남성,65세,수도권,군인,약간 반대,매우 반대,복지 축소를 통한 감세,탈원전 기조 유지,경제 중시 (위드 코로나),약간 찬성
2022-05-25 12:29:19,2022-05-25 12:53:51,0,123.109.142.13,100,1472,1,2022-05-25 12:53:53,R_2dQmD7LrbA9ZCvJ,,,,,37.5406,127.0763,anonymous,KO,1,2,35,4,1,13,3,1,3,6,1,3,6,1,3,7,소속 정당,정의당,성별,남성,연령,35세,출신 지역,충청권,전직,군인,코로나 대책,방역 중시 (제로 코로나),세금과 복지,복지 축소를 통한 감세,탈원전,탈원전 정책 폐기,집회 및 시위의 자유 보장,매우 반대,한미동맹 강화,매우 찬성,인도적 대북지원,약간 반대,국민의 힘,여성,35세,수도권,방송 아나운서,경제 중시 (위드 코로나),복지 축소를 통한 감세,탈원전 정책 폐기,매우 반대,약간 찬성,약간 반대,소속 정당,국민의 힘,성별,여성,연령,25세,출신 지역,충청권,전직,군인,코로나 대책,방역 중시 (제로 코로나),세금과 복지,복지 축소를 통한 감세,탈원전,탈원전 기조 유지,집회 및 시위의 자유 보장,약간 찬성,한미동맹 강화,매우 찬성,인도적 대북지원,매우 찬성,국민의 힘,남성,45세,영남 (경상),변호사,경제 중시 (위드 코로나),복지 축소를 통한 감세,탈원전 정책 폐기,매우 찬성,약간 찬성,약간 찬성,소속 정당,정의당,성별,여성,연령,25세,출신 지역,수도권,전직,검사,코로나 대책,경제 중시 (위드 코로나),세금과 복지,증세를 통한 복지 확대,탈원전,탈원전 정책 폐기,집회 및 시위의 자유 보장,약간 찬성,한미동맹 강화,약간 반대,인도적 대북지원,매우 반대,국민의 힘,여성,45세,영남 (경상),검사,방역 중시 (제로 코로나),증세를 통한 복지 확대,탈원전 정책 폐기,매우 반대,약간 찬성,약간 찬성
2022-05-25 12:59:27,2022-05-25 13:03:40,0,175.204.66.205,100,252,1,2022-05-25 13:03:42,R_026v5ruHIM6kCrv,,,,,37.661,126.8324,anonymous,KO,1,2,62,4,9,1,5,2,4,4,2,3,6,1,5,5,소속 정당,더불어 민주당,성별,여성,연령,25세,출신 지역,영남 (경상),전직,방송 아나운서,집회 및 시위의 자유 보장,약간 반대,한미동맹 강화,약간 반대,코로나 대책,방역 중시 (제로 코로나),세금과 복지,증세를 통한 복지 확대,인도적 대북지원,약간 찬성,탈원전,탈원전 기조 유지,더불어 민주당,남성,45세,충청권,변호사,매우 반대,약간 찬성,방역 중시 (제로 코로나),복지 축소를 통한 감세,약간 반대,탈원전 기조 유지,소속 정당,더불어 민주당,성별,남성,연령,55세,출신 지역,수도권,전직,대학교수,집회 및 시위의 자유 보장,약간 찬성,한미동맹 강화,약간 반대,코로나 대책,방역 중시 (제로 코로나),세금과 복지,복지 축소를 통한 감세,인도적 대북지원,매우 찬성,탈원전,탈원전 기조 유지,정의당,남성,45세,영남 (경상),대기업 최고 경영자 (CEO),매우 반대,매우 반대,방역 중시 (제로 코로나),증세를 통한 복지 확대,약간 찬성,탈원전 정책 폐기,소속 정당,더불어 민주당,성별,여성,연령,25세,출신 지역,충청권,전직,변호사,집회 및 시위의 자유 보장,약간 찬성,한미동맹 강화,약간 찬성,코로나 대책,경제 중시 (위드 코로나),세금과 복지,증세를 통한 복지 확대,인도적 대북지원,약간 찬성,탈원전,탈원전 정책 폐기,정의당,남성,65세,수도권,시민단체 활동가,매우 찬성,약간 반대,방역 중시 (제로 코로나),복지 축소를 통한 감세,약간 찬성,탈원전 정책 폐기
2022-05-25 13:06:28,2022-05-25 13:08:58,0,218.148.4.57,100,150,1,2022-05-25 13:09:00,R_pLrQKPToJKk0SEV,,,,,37.1549,127.0674,anonymous,KO,1,2,54,4,9,1,4,2,4,8,1,7,3,2,4,8,소속 정당,정의당,성별,남성,연령,35세,출신 지역,수도권,전직,대학교수,집회 및 시위의 자유 보장,약간 찬성,인도적 대북지원,매우 찬성,탈원전,탈원전 기조 유지,세금과 복지,복지 축소를 통한 감세,코로나 대책,경제 중시 (위드 코로나),한미동맹 강화,약간 반대,정의당,여성,65세,수도권,시민단체 활동가,약간 반대,약간 찬성,탈원전 정책 폐기,증세를 통한 복지 확대,방역 중시 (제로 코로나),매우 찬성,소속 정당,더불어 민주당,성별,남성,연령,55세,출신 지역,영남 (경상),전직,변호사,집회 및 시위의 자유 보장,매우 반대,인도적 대북지원,매우 찬성,탈원전,탈원전 기조 유지,세금과 복지,증세를 통한 복지 확대,코로나 대책,방역 중시 (제로 코로나),한미동맹 강화,매우 찬성,국민의 힘,남성,55세,충청권,군인,매우 반대,약간 반대,탈원전 정책 폐기,증세를 통한 복지 확대,경제 중시 (위드 코로나),약간 반대,소속 정당,국민의 힘,성별,남성,연령,25세,출신 지역,호남 (전라),전직,방송 아나운서,집회 및 시위의 자유 보장,약간 반대,인도적 대북지원,약간 찬성,탈원전,탈원전 정책 폐기,세금과 복지,증세를 통한 복지 확대,코로나 대책,경제 중시 (위드 코로나),한미동맹 강화,매우 반대,정의당,남성,25세,영남 (경상),시민단체 활동가,매우 찬성,매우 반대,탈원전 기조 유지,복지 축소를 통한 감세,방역 중시 (제로 코로나),약간 찬성
2022-05-25 13:06:19,2022-05-25 13:10:26,0,175.122.33.241,100,247,1,2022-05-25 13:10:27,R_3HSskghWcthkMJ7,,,,,35.8723,128.5924,anonymous,KO,1,1,44,4,10,10,3,1,6,5,2,3,7,2,5,5,소속 정당,국민의 힘,성별,여성,연령,55세,출신 지역,수도권,전직,시민단체 활동가,코로나 대책,방역 중시 (제로 코로나),집회 및 시위의 자유 보장,매우 찬성,한미동맹 강화,매우 찬성,탈원전,탈원전 기조 유지,인도적 대북지원,매우 반대,세금과 복지,복지 축소를 통한 감세,국민의 힘,여성,65세,충청권,시민단체 활동가,방역 중시 (제로 코로나),매우 반대,약간 반대,탈원전 기조 유지,매우 찬성,증세를 통한 복지 확대,소속 정당,더불어 민주당,성별,남성,연령,35세,출신 지역,충청권,전직,방송 아나운서,코로나 대책,경제 중시 (위드 코로나),집회 및 시위의 자유 보장,매우 찬성,한미동맹 강화,약간 찬성,탈원전,탈원전 기조 유지,인도적 대북지원,약간 찬성,세금과 복지,복지 축소를 통한 감세,국민의 힘,남성,65세,호남 (전라),검사,경제 중시 (위드 코로나),매우 반대,매우 반대,탈원전 정책 폐기,매우 반대,증세를 통한 복지 확대,소속 정당,정의당,성별,여성,연령,25세,출신 지역,영남 (경상),전직,방송 아나운서,코로나 대책,방역 중시 (제로 코로나),집회 및 시위의 자유 보장,매우 반대,한미동맹 강화,매우 찬성,탈원전,탈원전 정책 폐기,인도적 대북지원,약간 찬성,세금과 복지,복지 축소를 통한 감세,국민의 힘,남성,35세,수도권,검사,방역 중시 (제로 코로나),약간 찬성,매우 찬성,탈원전 기조 유지,약간 반대,증세를 통한 복지 확대
2022-05-25 13:06:25,2022-05-25 13:12:29,0,121.168.162.124,100,364,1,2022-05-25 13:12:30,R_2dLzzcxw2vYf0EE,,,,,37.2072,126.8168,anonymous,KO,1,2,51,2,9,1,6,2,5,5,2,5,5,1,4,7,소속 정당,정의당,성별,남성,연령,25세,출신 지역,호남 (전라),전직,군인,코로나 대책,방역 중시 (제로 코로나),집회 및 시위의 자유 보장,약간 찬성,한미동맹 강화,약간 반대,탈원전,탈원전 기조 유지,인도적 대북지원,매우 찬성,세금과 복지,증세를 통한 복지 확대,국민의 힘,여성,55세,영남 (경상),대기업 최고 경영자 (CEO),경제 중시 (위드 코로나),매우 찬성,매우 반대,탈원전 정책 폐기,매우 반대,증세를 통한 복지 확대,소속 정당,정의당,성별,남성,연령,65세,출신 지역,충청권,전직,검사,코로나 대책,방역 중시 (제로 코로나),집회 및 시위의 자유 보장,약간 찬성,한미동맹 강화,약간 반대,탈원전,탈원전 정책 폐기,인도적 대북지원,약간 반대,세금과 복지,복지 축소를 통한 감세,더불어 민주당,남성,45세,호남 (전라),시민단체 활동가,방역 중시 (제로 코로나),매우 반대,약간 반대,탈원전 기조 유지,약간 찬성,증세를 통한 복지 확대,소속 정당,국민의 힘,성별,남성,연령,65세,출신 지역,호남 (전라),전직,대학교수,코로나 대책,방역 중시 (제로 코로나),집회 및 시위의 자유 보장,약간 찬성,한미동맹 강화,약간 찬성,탈원전,탈원전 기조 유지,인도적 대북지원,매우 찬성,세금과 복지,증세를 통한 복지 확대,더불어 민주당,남성,35세,수도권,검사,경제 중시 (위드 코로나),매우 찬성,매우 찬성,탈원전 기조 유지,약간 반대,증세를 통한 복지 확대
2022-05-25 13:10:14,2022-05-25 13:13:37,0,14.52.42.103,100,203,1,2022-05-25 13:13:38,R_2alY0VArDjnEYo8,,,,,37.5554,127.1515,anonymous,KO,1,2,42,5,1,2,5,2,2,8,1,4,3,2,2,5,소속 정당,정의당,성별,남성,연령,25세,출신 지역,호남 (전라),전직,시민단체 활동가,한미동맹 강화,매우 반대,인도적 대북지원,약간 반대,코로나 대책,경제 중시 (위드 코로나),집회 및 시위의 자유 보장,매우 찬성,탈원전,탈원전 기조 유지,세금과 복지,복지 축소를 통한 감세,국민의 힘,남성,35세,호남 (전라),군인,매우 찬성,매우 찬성,방역 중시 (제로 코로나),매우 반대,탈원전 정책 폐기,복지 축소를 통한 감세,소속 정당,정의당,성별,남성,연령,35세,출신 지역,수도권,전직,시민단체 활동가,한미동맹 강화,약간 찬성,인도적 대북지원,약간 찬성,코로나 대책,방역 중시 (제로 코로나),집회 및 시위의 자유 보장,매우 찬성,탈원전,탈원전 정책 폐기,세금과 복지,복지 축소를 통한 감세,정의당,여성,25세,영남 (경상),방송 아나운서,매우 찬성,약간 찬성,방역 중시 (제로 코로나),약간 반대,탈원전 기조 유지,복지 축소를 통한 감세,소속 정당,정의당,성별,여성,연령,25세,출신 지역,충청권,전직,검사,한미동맹 강화,약간 찬성,인도적 대북지원,매우 찬성,코로나 대책,방역 중시 (제로 코로나),집회 및 시위의 자유 보장,약간 찬성,탈원전,탈원전 정책 폐기,세금과 복지,증세를 통한 복지 확대,정의당,남성,55세,수도권,대기업 최고 경영자 (CEO),매우 찬성,약간 찬성,방역 중시 (제로 코로나),약간 반대,탈원전 기조 유지,증세를 통한 복지 확대
2022-05-25 13:09:35,2022-05-25 13:13:48,0,175.214.148.140,100,252,1,2022-05-25 13:13:48,R_20SZ9y03FUe1nyb,,,,,35.1025,129.0394,anonymous,KO,1,2,33,3,2,2,4,2,5,3,2,5,5,1,4,5,소속 정당,더불어 민주당,성별,여성,연령,45세,출신 지역,충청권,전직,시민단체 활동가,인도적 대북지원,약간 반대,코로나 대책,경제 중시 (위드 코로나),탈원전,탈원전 정책 폐기,세금과 복지,복지 축소를 통한 감세,집회 및 시위의 자유 보장,약간 반대,한미동맹 강화,약간 찬성,더불어 민주당,남성,55세,호남 (전라),방송 아나운서,매우 찬성,경제 중시 (위드 코로나),탈원전 기조 유지,복지 축소를 통한 감세,매우 반대,약간 찬성,소속 정당,더불어 민주당,성별,남성,연령,45세,출신 지역,충청권,전직,검사,인도적 대북지원,매우 반대,코로나 대책,방역 중시 (제로 코로나),탈원전,탈원전 기조 유지,세금과 복지,복지 축소를 통한 감세,집회 및 시위의 자유 보장,약간 반대,한미동맹 강화,약간 반대,더불어 민주당,여성,65세,영남 (경상),방송 아나운서,매우 찬성,경제 중시 (위드 코로나),탈원전 기조 유지,복지 축소를 통한 감세,약간 반대,매우 찬성,소속 정당,더불어 민주당,성별,여성,연령,55세,출신 지역,충청권,전직,검사,인도적 대북지원,매우 반대,코로나 대책,방역 중시 (제로 코로나),탈원전,탈원전 기조 유지,세금과 복지,복지 축소를 통한 감세,집회 및 시위의 자유 보장,매우 반대,한미동맹 강화,약간 찬성,더불어 민주당,여성,35세,충청권,검사,매우 찬성,경제 중시 (위드 코로나),탈원전 기조 유지,복지 축소를 통한 감세,매우 반대,약간 찬성
2022-05-25 13:12:02,2022-05-25 13:14:45,0,175.213.10.40,100,162,1,2022-05-25 13:14:46,R_1itbr2DKwpD5LGz,,,,,37.661,126.8324,anonymous,KO,1,1,42,4,4,4,4,1,5,5,1,5,5,2,5,6,소속 정당,더불어 민주당,성별,여성,연령,45세,출신 지역,호남 (전라),전직,대기업 최고 경영자 (CEO),탈원전,탈원전 기조 유지,집회 및 시위의 자유 보장,매우 반대,한미동맹 강화,약간 반대,인도적 대북지원,매우 반대,코로나 대책,방역 중시 (제로 코로나),세금과 복지,복지 축소를 통한 감세,정의당,남성,45세,영남 (경상),방송 아나운서,탈원전 정책 폐기,약간 찬성,약간 반대,매우 찬성,방역 중시 (제로 코로나),증세를 통한 복지 확대,소속 정당,국민의 힘,성별,여성,연령,35세,출신 지역,호남 (전라),전직,시민단체 활동가,탈원전,탈원전 정책 폐기,집회 및 시위의 자유 보장,매우 찬성,한미동맹 강화,약간 찬성,인도적 대북지원,약간 반대,코로나 대책,방역 중시 (제로 코로나),세금과 복지,복지 축소를 통한 감세,정의당,여성,65세,수도권,군인,탈원전 기조 유지,약간 찬성,매우 찬성,약간 찬성,방역 중시 (제로 코로나),증세를 통한 복지 확대,소속 정당,정의당,성별,여성,연령,65세,출신 지역,영남 (경상),전직,시민단체 활동가,탈원전,탈원전 기조 유지,집회 및 시위의 자유 보장,약간 반대,한미동맹 강화,약간 반대,인도적 대북지원,약간 반대,코로나 대책,방역 중시 (제로 코로나),세금과 복지,증세를 통한 복지 확대,정의당,여성,55세,호남 (전라),대학교수,탈원전 정책 폐기,매우 찬성,약간 반대,매우 반대,경제 중시 (위드 코로나),복지 축소를 통한 감세
2022-05-25 13:12:28,2022-05-25 13:15:56,0,118.235.12.110,100,208,1,2022-05-25 13:15:57,R_3htDRGzYOZAgWPU,,,,,37.5794,126.9754,anonymous,KO,1,2,41,4,1,1,5,1,5,5,2,5,5,1,5,5,소속 정당,정의당,성별,남성,연령,65세,출신 지역,충청권,전직,대기업 최고 경영자 (CEO),코로나 대책,방역 중시 (제로 코로나),한미동맹 강화,약간 찬성,탈원전,탈원전 정책 폐기,인도적 대북지원,약간 찬성,세금과 복지,증세를 통한 복지 확대,집회 및 시위의 자유 보장,약간 찬성,국민의 힘,여성,65세,호남 (전라),변호사,경제 중시 (위드 코로나),매우 반대,탈원전 기조 유지,약간 찬성,증세를 통한 복지 확대,약간 반대,소속 정당,국민의 힘,성별,남성,연령,65세,출신 지역,충청권,전직,대기업 최고 경영자 (CEO),코로나 대책,경제 중시 (위드 코로나),한미동맹 강화,매우 반대,탈원전,탈원전 정책 폐기,인도적 대북지원,약간 반대,세금과 복지,복지 축소를 통한 감세,집회 및 시위의 자유 보장,매우 찬성,국민의 힘,여성,65세,영남 (경상),시민단체 활동가,방역 중시 (제로 코로나),약간 반대,탈원전 정책 폐기,약간 반대,복지 축소를 통한 감세,약간 찬성,소속 정당,더불어 민주당,성별,여성,연령,65세,출신 지역,호남 (전라),전직,대기업 최고 경영자 (CEO),코로나 대책,방역 중시 (제로 코로나),한미동맹 강화,매우 반대,탈원전,탈원전 정책 폐기,인도적 대북지원,약간 반대,세금과 복지,증세를 통한 복지 확대,집회 및 시위의 자유 보장,약간 반대,정의당,여성,55세,수도권,군인,경제 중시 (위드 코로나),약간 반대,탈원전 기조 유지,매우 반대,복지 축소를 통한 감세,약간 찬성
2022-05-25 13:09:47,2022-05-25 13:16:06,0,58.230.124.157,100,378,1,2022-05-25 13:16:07,R_R3Qk4GdbXaHeXT3,,,,,37.5406,127.0763,anonymous,KO,1,1,56,4,1,9,4,1,4,2,1,4,2,1,4,6,소속 정당,더불어 민주당,성별,남성,연령,45세,출신 지역,충청권,전직,검사,세금과 복지,증세를 통한 복지 확대,탈원전,탈원전 정책 폐기,코로나 대책,방역 중시 (제로 코로나),한미동맹 강화,매우 반대,집회 및 시위의 자유 보장,약간 찬성,인도적 대북지원,약간 찬성,정의당,여성,55세,영남 (경상),변호사,증세를 통한 복지 확대,탈원전 기조 유지,방역 중시 (제로 코로나),매우 반대,매우 찬성,약간 찬성,소속 정당,더불어 민주당,성별,남성,연령,55세,출신 지역,영남 (경상),전직,시민단체 활동가,세금과 복지,증세를 통한 복지 확대,탈원전,탈원전 정책 폐기,코로나 대책,방역 중시 (제로 코로나),한미동맹 강화,약간 반대,집회 및 시위의 자유 보장,매우 찬성,인도적 대북지원,매우 반대,정의당,여성,65세,영남 (경상),검사,복지 축소를 통한 감세,탈원전 정책 폐기,경제 중시 (위드 코로나),약간 찬성,매우 찬성,약간 찬성,소속 정당,더불어 민주당,성별,여성,연령,35세,출신 지역,영남 (경상),전직,방송 아나운서,세금과 복지,증세를 통한 복지 확대,탈원전,탈원전 정책 폐기,코로나 대책,경제 중시 (위드 코로나),한미동맹 강화,약간 찬성,집회 및 시위의 자유 보장,약간 반대,인도적 대북지원,약간 찬성,국민의 힘,남성,65세,영남 (경상),군인,복지 축소를 통한 감세,탈원전 정책 폐기,방역 중시 (제로 코로나),약간 반대,약간 반대,매우 반대
2022-05-25 13:15:10,2022-05-25 13:17:38,0,106.102.11.187,100,147,1,2022-05-25 13:17:38,R_1Ed6kAO2wD7CIIg,,,,,37.5794,126.9754,anonymous,KO,1,1,31,4,1,1,4,2,5,5,1,5,5,1,5,5,소속 정당,국민의 힘,성별,여성,연령,45세,출신 지역,호남 (전라),전직,시민단체 활동가,인도적 대북지원,약간 찬성,한미동맹 강화,매우 반대,집회 및 시위의 자유 보장,약간 찬성,코로나 대책,방역 중시 (제로 코로나),세금과 복지,복지 축소를 통한 감세,탈원전,탈원전 정책 폐기,정의당,남성,65세,충청권,검사,매우 찬성,약간 반대,매우 찬성,방역 중시 (제로 코로나),증세를 통한 복지 확대,탈원전 기조 유지,소속 정당,정의당,성별,남성,연령,55세,출신 지역,충청권,전직,시민단체 활동가,인도적 대북지원,약간 반대,한미동맹 강화,약간 찬성,집회 및 시위의 자유 보장,매우 반대,코로나 대책,경제 중시 (위드 코로나),세금과 복지,증세를 통한 복지 확대,탈원전,탈원전 기조 유지,더불어 민주당,여성,25세,영남 (경상),군인,약간 반대,약간 반대,매우 반대,방역 중시 (제로 코로나),증세를 통한 복지 확대,탈원전 정책 폐기,소속 정당,더불어 민주당,성별,남성,연령,35세,출신 지역,수도권,전직,시민단체 활동가,인도적 대북지원,매우 반대,한미동맹 강화,약간 반대,집회 및 시위의 자유 보장,매우 찬성,코로나 대책,경제 중시 (위드 코로나),세금과 복지,복지 축소를 통한 감세,탈원전,탈원전 정책 폐기,국민의 힘,여성,55세,수도권,시민단체 활동가,매우 찬성,약간 반대,약간 반대,방역 중시 (제로 코로나),복지 축소를 통한 감세,탈원전 정책 폐기
2022-05-25 12:18:05,2022-05-25 13:18:28,0,61.72.168.89,100,3622,1,2022-05-25 13:18:28,R_r7NWaa2Q8A0xCH7,,,,,37.6034,127.0065,anonymous,KO,1,2,35,4,1,2,2,1,5,8,2,6,5,1,4,7,소속 정당,국민의 힘,성별,남성,연령,45세,출신 지역,충청권,전직,검사,인도적 대북지원,약간 반대,탈원전,탈원전 정책 폐기,집회 및 시위의 자유 보장,약간 찬성,한미동맹 강화,약간 찬성,세금과 복지,증세를 통한 복지 확대,코로나 대책,방역 중시 (제로 코로나),국민의 힘,남성,45세,충청권,변호사,약간 반대,탈원전 기조 유지,매우 반대,매우 찬성,복지 축소를 통한 감세,방역 중시 (제로 코로나),소속 정당,더불어 민주당,성별,여성,연령,35세,출신 지역,수도권,전직,변호사,인도적 대북지원,약간 반대,탈원전,탈원전 기조 유지,집회 및 시위의 자유 보장,약간 찬성,한미동맹 강화,약간 반대,세금과 복지,복지 축소를 통한 감세,코로나 대책,방역 중시 (제로 코로나),정의당,남성,35세,충청권,시민단체 활동가,매우 반대,탈원전 기조 유지,매우 반대,약간 찬성,증세를 통한 복지 확대,경제 중시 (위드 코로나),소속 정당,더불어 민주당,성별,남성,연령,25세,출신 지역,영남 (경상),전직,변호사,인도적 대북지원,약간 반대,탈원전,탈원전 기조 유지,집회 및 시위의 자유 보장,매우 찬성,한미동맹 강화,약간 반대,세금과 복지,증세를 통한 복지 확대,코로나 대책,경제 중시 (위드 코로나),정의당,남성,65세,수도권,검사,매우 반대,탈원전 기조 유지,매우 찬성,매우 반대,복지 축소를 통한 감세,방역 중시 (제로 코로나)
2022-05-25 13:15:42,2022-05-25 13:20:55,0,183.103.83.142,100,313,1,2022-05-25 13:20:57,R_1ir0K9M8yjf7k8I,,,,,35.1996,128.9874,anonymous,KO,1,1,61,4,2,2,3,1,6,5,2,6,7,2,3,4,소속 정당,국민의 힘,성별,남성,연령,65세,출신 지역,수도권,전직,대학교수,탈원전,탈원전 정책 폐기,한미동맹 강화,매우 찬성,인도적 대북지원,매우 반대,집회 및 시위의 자유 보장,약간 찬성,세금과 복지,복지 축소를 통한 감세,코로나 대책,방역 중시 (제로 코로나),정의당,여성,55세,영남 (경상),군인,탈원전 정책 폐기,약간 찬성,매우 찬성,매우 반대,복지 축소를 통한 감세,방역 중시 (제로 코로나),소속 정당,더불어 민주당,성별,여성,연령,55세,출신 지역,호남 (전라),전직,방송 아나운서,탈원전,탈원전 기조 유지,한미동맹 강화,약간 찬성,인도적 대북지원,약간 반대,집회 및 시위의 자유 보장,약간 반대,세금과 복지,증세를 통한 복지 확대,코로나 대책,방역 중시 (제로 코로나),국민의 힘,남성,55세,영남 (경상),변호사,탈원전 기조 유지,매우 찬성,매우 반대,매우 찬성,증세를 통한 복지 확대,방역 중시 (제로 코로나),소속 정당,더불어 민주당,성별,여성,연령,25세,출신 지역,충청권,전직,변호사,탈원전,탈원전 정책 폐기,한미동맹 강화,약간 반대,인도적 대북지원,약간 반대,집회 및 시위의 자유 보장,매우 찬성,세금과 복지,증세를 통한 복지 확대,코로나 대책,방역 중시 (제로 코로나),더불어 민주당,남성,35세,수도권,대학교수,탈원전 기조 유지,약간 반대,매우 반대,매우 반대,증세를 통한 복지 확대,경제 중시 (위드 코로나)
2022-05-25 13:16:37,2022-05-25 13:22:57,0,211.224.252.48,100,380,1,2022-05-25 13:22:58,R_2yknHdgYknfc4db,,,,,36.7836,127.0042,anonymous,KO,1,1,51,4,12,2,3,1,4,6,1,5,5,2,5,5,소속 정당,더불어 민주당,성별,남성,연령,45세,출신 지역,영남 (경상),전직,시민단체 활동가,집회 및 시위의 자유 보장,매우 반대,탈원전,탈원전 정책 폐기,세금과 복지,증세를 통한 복지 확대,인도적 대북지원,약간 반대,코로나 대책,경제 중시 (위드 코로나),한미동맹 강화,매우 찬성,더불어 민주당,여성,65세,충청권,검사,매우 반대,탈원전 정책 폐기,복지 축소를 통한 감세,매우 반대,경제 중시 (위드 코로나),매우 찬성,소속 정당,국민의 힘,성별,여성,연령,65세,출신 지역,충청권,전직,방송 아나운서,집회 및 시위의 자유 보장,약간 반대,탈원전,탈원전 정책 폐기,세금과 복지,증세를 통한 복지 확대,인도적 대북지원,약간 반대,코로나 대책,경제 중시 (위드 코로나),한미동맹 강화,매우 찬성,더불어 민주당,남성,65세,영남 (경상),군인,약간 찬성,탈원전 기조 유지,복지 축소를 통한 감세,약간 반대,방역 중시 (제로 코로나),매우 찬성,소속 정당,더불어 민주당,성별,여성,연령,25세,출신 지역,충청권,전직,시민단체 활동가,집회 및 시위의 자유 보장,약간 찬성,탈원전,탈원전 정책 폐기,세금과 복지,복지 축소를 통한 감세,인도적 대북지원,매우 찬성,코로나 대책,방역 중시 (제로 코로나),한미동맹 강화,매우 반대,더불어 민주당,여성,65세,충청권,대기업 최고 경영자 (CEO),매우 찬성,탈원전 정책 폐기,복지 축소를 통한 감세,약간 반대,경제 중시 (위드 코로나),매우 반대
2022-05-25 13:17:06,2022-05-25 13:23:53,0,58.236.96.235,100,406,1,2022-05-25 13:23:54,R_23UfMchJVwZzcaD,,,,,37.5249,126.7409,anonymous,KO,1,1,54,2,4,1,4,1,4,5,1,3,6,1,3,6,소속 정당,국민의 힘,성별,여성,연령,45세,출신 지역,수도권,전직,시민단체 활동가,집회 및 시위의 자유 보장,약간 찬성,탈원전,탈원전 정책 폐기,세금과 복지,증세를 통한 복지 확대,인도적 대북지원,약간 찬성,한미동맹 강화,약간 찬성,코로나 대책,경제 중시 (위드 코로나),국민의 힘,남성,25세,호남 (전라),시민단체 활동가,약간 반대,탈원전 정책 폐기,증세를 통한 복지 확대,매우 찬성,약간 반대,경제 중시 (위드 코로나),소속 정당,국민의 힘,성별,남성,연령,25세,출신 지역,호남 (전라),전직,군인,집회 및 시위의 자유 보장,매우 찬성,탈원전,탈원전 기조 유지,세금과 복지,복지 축소를 통한 감세,인도적 대북지원,약간 반대,한미동맹 강화,매우 찬성,코로나 대책,방역 중시 (제로 코로나),더불어 민주당,여성,65세,수도권,시민단체 활동가,매우 반대,탈원전 정책 폐기,증세를 통한 복지 확대,매우 반대,약간 찬성,경제 중시 (위드 코로나),소속 정당,정의당,성별,여성,연령,45세,출신 지역,호남 (전라),전직,대학교수,집회 및 시위의 자유 보장,약간 찬성,탈원전,탈원전 정책 폐기,세금과 복지,복지 축소를 통한 감세,인도적 대북지원,매우 반대,한미동맹 강화,약간 반대,코로나 대책,경제 중시 (위드 코로나),더불어 민주당,남성,35세,충청권,대학교수,매우 반대,탈원전 정책 폐기,복지 축소를 통한 감세,약간 반대,약간 반대,방역 중시 (제로 코로나)
2022-05-25 13:11:22,2022-05-25 13:24:00,0,122.202.182.162,100,757,1,2022-05-25 13:24:01,R_1M3CWzS4goEVenk,,,,,33.5109,126.5264,anonymous,KO,1,1,53,4,17,17,2,1,4,6,2,3,6,1,5,6,소속 정당,국민의 힘,성별,여성,연령,65세,출신 지역,영남 (경상),전직,변호사,탈원전,탈원전 정책 폐기,세금과 복지,증세를 통한 복지 확대,코로나 대책,경제 중시 (위드 코로나),집회 및 시위의 자유 보장,매우 찬성,인도적 대북지원,매우 찬성,한미동맹 강화,약간 반대,국민의 힘,여성,35세,충청권,변호사,탈원전 기조 유지,증세를 통한 복지 확대,방역 중시 (제로 코로나),약간 찬성,매우 찬성,약간 찬성,소속 정당,정의당,성별,여성,연령,35세,출신 지역,수도권,전직,방송 아나운서,탈원전,탈원전 정책 폐기,세금과 복지,복지 축소를 통한 감세,코로나 대책,경제 중시 (위드 코로나),집회 및 시위의 자유 보장,매우 찬성,인도적 대북지원,매우 반대,한미동맹 강화,매우 반대,더불어 민주당,여성,65세,충청권,시민단체 활동가,탈원전 정책 폐기,증세를 통한 복지 확대,경제 중시 (위드 코로나),매우 찬성,약간 찬성,약간 반대,소속 정당,국민의 힘,성별,남성,연령,45세,출신 지역,영남 (경상),전직,대기업 최고 경영자 (CEO),탈원전,탈원전 정책 폐기,세금과 복지,복지 축소를 통한 감세,코로나 대책,경제 중시 (위드 코로나),집회 및 시위의 자유 보장,약간 찬성,인도적 대북지원,약간 찬성,한미동맹 강화,약간 찬성,정의당,여성,45세,수도권,검사,탈원전 기조 유지,복지 축소를 통한 감세,방역 중시 (제로 코로나),약간 반대,매우 찬성,약간 찬성
2022-05-25 13:12:34,2022-05-25 13:27:02,0,211.116.66.76,100,868,1,2022-05-25 13:27:03,R_2UgEocRvTYJVsC1,,,,,35.8237,127.1476,anonymous,KO,1,1,45,4,13,13,4,2,3,7,1,5,7,2,7,5,소속 정당,정의당,성별,남성,연령,35세,출신 지역,충청권,전직,시민단체 활동가,인도적 대북지원,매우 반대,탈원전,탈원전 정책 폐기,코로나 대책,방역 중시 (제로 코로나),집회 및 시위의 자유 보장,약간 찬성,한미동맹 강화,약간 반대,세금과 복지,증세를 통한 복지 확대,더불어 민주당,남성,45세,영남 (경상),군인,약간 반대,탈원전 기조 유지,경제 중시 (위드 코로나),약간 반대,매우 찬성,증세를 통한 복지 확대,소속 정당,정의당,성별,남성,연령,35세,출신 지역,영남 (경상),전직,대기업 최고 경영자 (CEO),인도적 대북지원,매우 찬성,탈원전,탈원전 정책 폐기,코로나 대책,경제 중시 (위드 코로나),집회 및 시위의 자유 보장,약간 찬성,한미동맹 강화,매우 찬성,세금과 복지,증세를 통한 복지 확대,국민의 힘,여성,35세,영남 (경상),검사,매우 반대,탈원전 정책 폐기,방역 중시 (제로 코로나),매우 반대,매우 반대,증세를 통한 복지 확대,소속 정당,정의당,성별,남성,연령,55세,출신 지역,영남 (경상),전직,검사,인도적 대북지원,매우 찬성,탈원전,탈원전 정책 폐기,코로나 대책,방역 중시 (제로 코로나),집회 및 시위의 자유 보장,매우 반대,한미동맹 강화,약간 찬성,세금과 복지,복지 축소를 통한 감세,더불어 민주당,남성,65세,충청권,시민단체 활동가,약간 반대,탈원전 정책 폐기,방역 중시 (제로 코로나),매우 반대,약간 반대,증세를 통한 복지 확대
2022-05-25 13:22:37,2022-05-25 13:29:21,0,116.127.190.146,100,403,1,2022-05-25 13:29:22,R_psEVrI1pmAfcjlf,,,,,35.7781,128.4314,anonymous,KO,1,1,39,4,3,15,2,1,7,3,2,3,7,1,3,3,소속 정당,국민의 힘,성별,여성,연령,45세,출신 지역,영남 (경상),전직,군인,한미동맹 강화,매우 반대,인도적 대북지원,매우 찬성,집회 및 시위의 자유 보장,매우 찬성,코로나 대책,경제 중시 (위드 코로나),탈원전,탈원전 정책 폐기,세금과 복지,증세를 통한 복지 확대,정의당,여성,55세,호남 (전라),검사,매우 반대,약간 찬성,매우 찬성,경제 중시 (위드 코로나),탈원전 기조 유지,증세를 통한 복지 확대,소속 정당,정의당,성별,여성,연령,45세,출신 지역,충청권,전직,대학교수,한미동맹 강화,약간 찬성,인도적 대북지원,약간 찬성,집회 및 시위의 자유 보장,약간 반대,코로나 대책,경제 중시 (위드 코로나),탈원전,탈원전 정책 폐기,세금과 복지,복지 축소를 통한 감세,국민의 힘,남성,65세,영남 (경상),군인,약간 찬성,약간 반대,매우 찬성,방역 중시 (제로 코로나),탈원전 기조 유지,증세를 통한 복지 확대,소속 정당,더불어 민주당,성별,남성,연령,55세,출신 지역,수도권,전직,변호사,한미동맹 강화,매우 반대,인도적 대북지원,약간 반대,집회 및 시위의 자유 보장,약간 반대,코로나 대책,방역 중시 (제로 코로나),탈원전,탈원전 정책 폐기,세금과 복지,복지 축소를 통한 감세,정의당,여성,25세,충청권,변호사,약간 찬성,약간 반대,매우 반대,방역 중시 (제로 코로나),탈원전 정책 폐기,증세를 통한 복지 확대
2022-05-25 13:12:24,2022-05-25 13:29:28,0,211.209.131.114,100,1024,1,2022-05-25 13:29:30,R_OliJUEtSjIKjIu5,,,,,37.4331,127.1377,anonymous,KO,1,1,40,4,9,10,4,1,0,7,2,4,6,2,7,8,소속 정당,정의당,성별,여성,연령,55세,출신 지역,영남 (경상),전직,방송 아나운서,한미동맹 강화,약간 찬성,코로나 대책,경제 중시 (위드 코로나),집회 및 시위의 자유 보장,약간 찬성,인도적 대북지원,매우 찬성,탈원전,탈원전 정책 폐기,세금과 복지,증세를 통한 복지 확대,더불어 민주당,남성,45세,영남 (경상),대기업 최고 경영자 (CEO),매우 반대,방역 중시 (제로 코로나),약간 반대,매우 반대,탈원전 정책 폐기,복지 축소를 통한 감세,소속 정당,더불어 민주당,성별,여성,연령,35세,출신 지역,수도권,전직,방송 아나운서,한미동맹 강화,약간 찬성,코로나 대책,방역 중시 (제로 코로나),집회 및 시위의 자유 보장,매우 찬성,인도적 대북지원,매우 반대,탈원전,탈원전 정책 폐기,세금과 복지,복지 축소를 통한 감세,정의당,여성,45세,충청권,검사,약간 찬성,경제 중시 (위드 코로나),약간 찬성,매우 반대,탈원전 정책 폐기,복지 축소를 통한 감세,소속 정당,정의당,성별,여성,연령,55세,출신 지역,충청권,전직,방송 아나운서,한미동맹 강화,매우 반대,코로나 대책,경제 중시 (위드 코로나),집회 및 시위의 자유 보장,매우 찬성,인도적 대북지원,매우 반대,탈원전,탈원전 정책 폐기,세금과 복지,증세를 통한 복지 확대,국민의 힘,여성,25세,수도권,검사,약간 찬성,방역 중시 (제로 코로나),약간 반대,약간 반대,탈원전 정책 폐기,복지 축소를 통한 감세
2022-05-25 13:30:07,2022-05-25 13:35:22,0,175.119.102.1,100,314,1,2022-05-25 13:35:22,R_1gAvpgkMkWGujSh,,,,,37.3513,127.9544,anonymous,KO,1,2,40,2,10,14,3,1,9,2,1,3,8,1,2,9,소속 정당,국민의 힘,성별,남성,연령,65세,출신 지역,영남 (경상),전직,시민단체 활동가,탈원전,탈원전 정책 폐기,집회 및 시위의 자유 보장,약간 반대,코로나 대책,경제 중시 (위드 코로나),한미동맹 강화,매우 찬성,인도적 대북지원,매우 찬성,세금과 복지,복지 축소를 통한 감세,정의당,남성,55세,영남 (경상),변호사,탈원전 정책 폐기,약간 반대,방역 중시 (제로 코로나),매우 반대,매우 반대,복지 축소를 통한 감세,소속 정당,정의당,성별,남성,연령,65세,출신 지역,수도권,전직,변호사,탈원전,탈원전 기조 유지,집회 및 시위의 자유 보장,매우 반대,코로나 대책,경제 중시 (위드 코로나),한미동맹 강화,매우 반대,인도적 대북지원,매우 반대,세금과 복지,복지 축소를 통한 감세,더불어 민주당,여성,65세,영남 (경상),대학교수,탈원전 정책 폐기,매우 반대,방역 중시 (제로 코로나),약간 찬성,약간 반대,증세를 통한 복지 확대,소속 정당,정의당,성별,여성,연령,25세,출신 지역,수도권,전직,대학교수,탈원전,탈원전 정책 폐기,집회 및 시위의 자유 보장,매우 반대,코로나 대책,방역 중시 (제로 코로나),한미동맹 강화,매우 찬성,인도적 대북지원,약간 찬성,세금과 복지,복지 축소를 통한 감세,국민의 힘,여성,45세,영남 (경상),변호사,탈원전 정책 폐기,약간 찬성,경제 중시 (위드 코로나),매우 반대,약간 찬성,증세를 통한 복지 확대
2022-05-25 13:32:05,2022-05-25 13:37:42,0,210.126.67.162,100,337,1,2022-05-25 13:37:45,R_2dnKVf0AUFlWiz9,,,,,36.2742,127.3349,anonymous,KO,1,1,42,4,6,6,5,1,7,2,2,6,3,1,6,4,소속 정당,정의당,성별,남성,연령,35세,출신 지역,수도권,전직,군인,코로나 대책,경제 중시 (위드 코로나),탈원전,탈원전 정책 폐기,인도적 대북지원,매우 반대,한미동맹 강화,약간 찬성,세금과 복지,증세를 통한 복지 확대,집회 및 시위의 자유 보장,매우 반대,더불어 민주당,여성,65세,영남 (경상),군인,경제 중시 (위드 코로나),탈원전 정책 폐기,약간 찬성,매우 반대,증세를 통한 복지 확대,약간 반대,소속 정당,더불어 민주당,성별,남성,연령,65세,출신 지역,수도권,전직,대학교수,코로나 대책,경제 중시 (위드 코로나),탈원전,탈원전 정책 폐기,인도적 대북지원,약간 반대,한미동맹 강화,매우 반대,세금과 복지,복지 축소를 통한 감세,집회 및 시위의 자유 보장,매우 반대,더불어 민주당,남성,55세,영남 (경상),방송 아나운서,방역 중시 (제로 코로나),탈원전 정책 폐기,매우 찬성,약간 찬성,복지 축소를 통한 감세,매우 반대,소속 정당,정의당,성별,여성,연령,55세,출신 지역,영남 (경상),전직,대학교수,코로나 대책,경제 중시 (위드 코로나),탈원전,탈원전 정책 폐기,인도적 대북지원,약간 반대,한미동맹 강화,약간 찬성,세금과 복지,증세를 통한 복지 확대,집회 및 시위의 자유 보장,약간 찬성,더불어 민주당,남성,25세,충청권,시민단체 활동가,경제 중시 (위드 코로나),탈원전 정책 폐기,약간 반대,약간 반대,증세를 통한 복지 확대,약간 반대
2022-05-25 13:28:05,2022-05-25 13:38:44,0,115.23.12.79,100,639,1,2022-05-25 13:38:45,R_3k0sQsKQ8ltLzEL,,,,,35.1544,126.8957,anonymous,KO,1,1,29,2,5,5,3,1,7,10,2,9,4,2,8,3,소속 정당,더불어 민주당,성별,남성,연령,45세,출신 지역,영남 (경상),전직,시민단체 활동가,한미동맹 강화,약간 찬성,집회 및 시위의 자유 보장,매우 반대,세금과 복지,복지 축소를 통한 감세,인도적 대북지원,약간 반대,코로나 대책,방역 중시 (제로 코로나),탈원전,탈원전 정책 폐기,국민의 힘,남성,25세,수도권,변호사,약간 반대,매우 반대,복지 축소를 통한 감세,매우 반대,경제 중시 (위드 코로나),탈원전 정책 폐기,소속 정당,더불어 민주당,성별,남성,연령,55세,출신 지역,호남 (전라),전직,시민단체 활동가,한미동맹 강화,매우 반대,집회 및 시위의 자유 보장,매우 반대,세금과 복지,복지 축소를 통한 감세,인도적 대북지원,약간 찬성,코로나 대책,방역 중시 (제로 코로나),탈원전,탈원전 정책 폐기,국민의 힘,여성,35세,호남 (전라),시민단체 활동가,약간 찬성,약간 찬성,증세를 통한 복지 확대,매우 찬성,경제 중시 (위드 코로나),탈원전 기조 유지,소속 정당,더불어 민주당,성별,여성,연령,55세,출신 지역,영남 (경상),전직,시민단체 활동가,한미동맹 강화,약간 찬성,집회 및 시위의 자유 보장,약간 반대,세금과 복지,증세를 통한 복지 확대,인도적 대북지원,매우 반대,코로나 대책,경제 중시 (위드 코로나),탈원전,탈원전 정책 폐기,더불어 민주당,남성,25세,호남 (전라),검사,매우 찬성,매우 찬성,증세를 통한 복지 확대,매우 반대,방역 중시 (제로 코로나),탈원전 기조 유지
2022-05-25 13:19:20,2022-05-25 13:38:49,0,221.165.81.200,100,1168,1,2022-05-25 13:38:49,R_1KpRjNaevmMiIH4,,,,,37.5488,126.6578,anonymous,KO,1,1,35,3,4,4,3,1,2,3,1,7,4,1,6,4,소속 정당,정의당,성별,여성,연령,25세,출신 지역,영남 (경상),전직,시민단체 활동가,집회 및 시위의 자유 보장,약간 찬성,세금과 복지,증세를 통한 복지 확대,코로나 대책,방역 중시 (제로 코로나),탈원전,탈원전 정책 폐기,한미동맹 강화,약간 찬성,인도적 대북지원,매우 반대,국민의 힘,남성,65세,충청권,대학교수,약간 반대,복지 축소를 통한 감세,경제 중시 (위드 코로나),탈원전 정책 폐기,매우 반대,매우 찬성,소속 정당,국민의 힘,성별,남성,연령,45세,출신 지역,영남 (경상),전직,검사,집회 및 시위의 자유 보장,약간 반대,세금과 복지,복지 축소를 통한 감세,코로나 대책,방역 중시 (제로 코로나),탈원전,탈원전 기조 유지,한미동맹 강화,매우 찬성,인도적 대북지원,약간 반대,더불어 민주당,남성,65세,호남 (전라),방송 아나운서,매우 찬성,증세를 통한 복지 확대,경제 중시 (위드 코로나),탈원전 정책 폐기,약간 찬성,매우 찬성,소속 정당,국민의 힘,성별,남성,연령,65세,출신 지역,영남 (경상),전직,검사,집회 및 시위의 자유 보장,약간 찬성,세금과 복지,증세를 통한 복지 확대,코로나 대책,방역 중시 (제로 코로나),탈원전,탈원전 기조 유지,한미동맹 강화,매우 찬성,인도적 대북지원,매우 찬성,국민의 힘,여성,25세,수도권,검사,약간 찬성,복지 축소를 통한 감세,방역 중시 (제로 코로나),탈원전 기조 유지,매우 반대,매우 찬성
2022-05-25 13:57:20,2022-05-25 14:02:46,0,61.40.196.76,100,325,1,2022-05-25 14:02:46,R_2VkjruNu0OuydjU,,,,,37.2447,127.1752,anonymous,KO,1,2,31,4,6,4,5,2,8,2,1,8,3,2,8,2,소속 정당,더불어 민주당,성별,남성,연령,65세,출신 지역,호남 (전라),전직,대기업 최고 경영자 (CEO),세금과 복지,증세를 통한 복지 확대,한미동맹 강화,약간 반대,탈원전,탈원전 정책 폐기,집회 및 시위의 자유 보장,약간 반대,인도적 대북지원,매우 반대,코로나 대책,경제 중시 (위드 코로나),더불어 민주당,남성,35세,수도권,대기업 최고 경영자 (CEO),복지 축소를 통한 감세,매우 반대,탈원전 기조 유지,약간 반대,매우 반대,방역 중시 (제로 코로나),소속 정당,국민의 힘,성별,남성,연령,55세,출신 지역,충청권,전직,검사,세금과 복지,복지 축소를 통한 감세,한미동맹 강화,매우 찬성,탈원전,탈원전 기조 유지,집회 및 시위의 자유 보장,약간 찬성,인도적 대북지원,약간 반대,코로나 대책,방역 중시 (제로 코로나),정의당,여성,45세,영남 (경상),검사,복지 축소를 통한 감세,매우 반대,탈원전 기조 유지,매우 찬성,매우 찬성,방역 중시 (제로 코로나),소속 정당,정의당,성별,여성,연령,35세,출신 지역,영남 (경상),전직,대학교수,세금과 복지,증세를 통한 복지 확대,한미동맹 강화,약간 찬성,탈원전,탈원전 기조 유지,집회 및 시위의 자유 보장,매우 반대,인도적 대북지원,약간 찬성,코로나 대책,경제 중시 (위드 코로나),더불어 민주당,여성,45세,호남 (전라),대기업 최고 경영자 (CEO),복지 축소를 통한 감세,매우 찬성,탈원전 정책 폐기,매우 반대,매우 찬성,경제 중시 (위드 코로나)
2022-05-25 12:12:08,2022-05-25 14:03:43,0,211.48.128.125,100,6695,1,2022-05-25 14:03:44,R_2P7ro64zlFMMbkf,,,,,35.2317,128.6822,anonymous,KO,1,2,38,4,16,16,5,1,5,6,2,5,5,2,5,6,소속 정당,더불어 민주당,성별,여성,연령,55세,출신 지역,충청권,전직,검사,인도적 대북지원,약간 반대,코로나 대책,방역 중시 (제로 코로나),세금과 복지,복지 축소를 통한 감세,집회 및 시위의 자유 보장,매우 반대,탈원전,탈원전 기조 유지,한미동맹 강화,약간 찬성,더불어 민주당,남성,55세,수도권,방송 아나운서,약간 반대,방역 중시 (제로 코로나),복지 축소를 통한 감세,약간 찬성,탈원전 정책 폐기,약간 찬성,소속 정당,정의당,성별,여성,연령,25세,출신 지역,호남 (전라),전직,방송 아나운서,인도적 대북지원,약간 찬성,코로나 대책,방역 중시 (제로 코로나),세금과 복지,복지 축소를 통한 감세,집회 및 시위의 자유 보장,약간 반대,탈원전,탈원전 기조 유지,한미동맹 강화,매우 반대,정의당,여성,55세,충청권,대기업 최고 경영자 (CEO),매우 찬성,경제 중시 (위드 코로나),복지 축소를 통한 감세,약간 찬성,탈원전 기조 유지,매우 찬성,소속 정당,정의당,성별,남성,연령,25세,출신 지역,호남 (전라),전직,방송 아나운서,인도적 대북지원,약간 찬성,코로나 대책,방역 중시 (제로 코로나),세금과 복지,복지 축소를 통한 감세,집회 및 시위의 자유 보장,매우 찬성,탈원전,탈원전 정책 폐기,한미동맹 강화,약간 찬성,더불어 민주당,남성,45세,영남 (경상),방송 아나운서,약간 찬성,경제 중시 (위드 코로나),증세를 통한 복지 확대,매우 반대,탈원전 기조 유지,매우 찬성
2022-05-25 14:01:16,2022-05-25 14:05:30,0,1.214.218.107,100,254,1,2022-05-25 14:05:31,R_3h45o5cAozG2nl5,,,,,37.5481,126.9028,anonymous,KO,1,1,39,5,1,9,6,1,6,6,2,6,4,2,6,6,소속 정당,정의당,성별,여성,연령,65세,출신 지역,충청권,전직,시민단체 활동가,세금과 복지,증세를 통한 복지 확대,한미동맹 강화,매우 찬성,탈원전,탈원전 정책 폐기,코로나 대책,방역 중시 (제로 코로나),인도적 대북지원,매우 찬성,집회 및 시위의 자유 보장,매우 반대,국민의 힘,여성,45세,영남 (경상),검사,복지 축소를 통한 감세,매우 반대,탈원전 기조 유지,경제 중시 (위드 코로나),약간 찬성,매우 찬성,소속 정당,국민의 힘,성별,여성,연령,55세,출신 지역,영남 (경상),전직,군인,세금과 복지,증세를 통한 복지 확대,한미동맹 강화,매우 반대,탈원전,탈원전 정책 폐기,코로나 대책,경제 중시 (위드 코로나),인도적 대북지원,약간 반대,집회 및 시위의 자유 보장,매우 반대,국민의 힘,여성,55세,영남 (경상),대학교수,복지 축소를 통한 감세,약간 반대,탈원전 정책 폐기,방역 중시 (제로 코로나),약간 찬성,약간 찬성,소속 정당,정의당,성별,남성,연령,25세,출신 지역,수도권,전직,대기업 최고 경영자 (CEO),세금과 복지,증세를 통한 복지 확대,한미동맹 강화,매우 반대,탈원전,탈원전 정책 폐기,코로나 대책,방역 중시 (제로 코로나),인도적 대북지원,매우 반대,집회 및 시위의 자유 보장,매우 반대,정의당,여성,35세,영남 (경상),대학교수,증세를 통한 복지 확대,약간 찬성,탈원전 기조 유지,방역 중시 (제로 코로나),매우 반대,매우 반대
2022-05-25 14:01:45,2022-05-25 14:06:16,0,119.202.106.178,100,271,1,2022-05-25 14:06:19,R_2rvyQqXGE7iHB81,,,,,36.0305,129.3729,anonymous,KO,1,2,49,2,15,15,4,2,9,2,2,7,4,1,2,7,소속 정당,국민의 힘,성별,남성,연령,45세,출신 지역,영남 (경상),전직,방송 아나운서,탈원전,탈원전 기조 유지,인도적 대북지원,매우 찬성,한미동맹 강화,매우 반대,세금과 복지,증세를 통한 복지 확대,집회 및 시위의 자유 보장,약간 찬성,코로나 대책,방역 중시 (제로 코로나),정의당,남성,25세,호남 (전라),방송 아나운서,탈원전 기조 유지,약간 반대,매우 찬성,복지 축소를 통한 감세,약간 반대,방역 중시 (제로 코로나),소속 정당,정의당,성별,남성,연령,25세,출신 지역,충청권,전직,대기업 최고 경영자 (CEO),탈원전,탈원전 정책 폐기,인도적 대북지원,약간 반대,한미동맹 강화,약간 반대,세금과 복지,증세를 통한 복지 확대,집회 및 시위의 자유 보장,매우 찬성,코로나 대책,방역 중시 (제로 코로나),국민의 힘,여성,35세,수도권,시민단체 활동가,탈원전 정책 폐기,매우 찬성,매우 찬성,증세를 통한 복지 확대,매우 찬성,방역 중시 (제로 코로나),소속 정당,더불어 민주당,성별,여성,연령,25세,출신 지역,수도권,전직,군인,탈원전,탈원전 정책 폐기,인도적 대북지원,약간 찬성,한미동맹 강화,매우 찬성,세금과 복지,증세를 통한 복지 확대,집회 및 시위의 자유 보장,약간 찬성,코로나 대책,방역 중시 (제로 코로나),정의당,남성,45세,영남 (경상),변호사,탈원전 정책 폐기,매우 반대,매우 반대,증세를 통한 복지 확대,약간 찬성,방역 중시 (제로 코로나)
2022-05-25 13:57:04,2022-05-25 14:07:13,0,211.108.251.254,100,608,1,2022-05-25 14:07:13,R_3jcyDNiM3JIw0rQ,,,,,37.5007,126.7076,anonymous,KO,1,1,65,3,4,1,3,2,4,6,1,5,6,2,6,5,소속 정당,정의당,성별,남성,연령,45세,출신 지역,수도권,전직,검사,탈원전,탈원전 기조 유지,인도적 대북지원,약간 찬성,한미동맹 강화,매우 반대,세금과 복지,증세를 통한 복지 확대,코로나 대책,방역 중시 (제로 코로나),집회 및 시위의 자유 보장,매우 찬성,국민의 힘,여성,65세,수도권,검사,탈원전 기조 유지,약간 찬성,매우 반대,복지 축소를 통한 감세,경제 중시 (위드 코로나),약간 찬성,소속 정당,국민의 힘,성별,남성,연령,35세,출신 지역,충청권,전직,대학교수,탈원전,탈원전 정책 폐기,인도적 대북지원,약간 반대,한미동맹 강화,약간 반대,세금과 복지,복지 축소를 통한 감세,코로나 대책,방역 중시 (제로 코로나),집회 및 시위의 자유 보장,약간 찬성,정의당,여성,55세,영남 (경상),대기업 최고 경영자 (CEO),탈원전 정책 폐기,매우 반대,매우 반대,복지 축소를 통한 감세,경제 중시 (위드 코로나),매우 반대,소속 정당,정의당,성별,여성,연령,25세,출신 지역,호남 (전라),전직,군인,탈원전,탈원전 정책 폐기,인도적 대북지원,매우 찬성,한미동맹 강화,약간 반대,세금과 복지,증세를 통한 복지 확대,코로나 대책,방역 중시 (제로 코로나),집회 및 시위의 자유 보장,약간 찬성,더불어 민주당,여성,45세,충청권,군인,탈원전 기조 유지,매우 반대,약간 찬성,증세를 통한 복지 확대,경제 중시 (위드 코로나),매우 찬성
2022-05-25 14:03:38,2022-05-25 14:07:51,0,125.186.225.231,100,252,1,2022-05-25 14:07:51,R_2R9ZAXz6YQOlWrA,,,,,37.6576,127.072,anonymous,KO,1,2,61,4,1,11,4,2,5,4,2,6,4,1,4,5,소속 정당,더불어 민주당,성별,남성,연령,35세,출신 지역,영남 (경상),전직,방송 아나운서,세금과 복지,증세를 통한 복지 확대,집회 및 시위의 자유 보장,매우 찬성,인도적 대북지원,매우 찬성,탈원전,탈원전 정책 폐기,한미동맹 강화,매우 반대,코로나 대책,방역 중시 (제로 코로나),정의당,여성,65세,호남 (전라),검사,증세를 통한 복지 확대,매우 찬성,매우 반대,탈원전 기조 유지,약간 찬성,방역 중시 (제로 코로나),소속 정당,국민의 힘,성별,여성,연령,65세,출신 지역,호남 (전라),전직,군인,세금과 복지,증세를 통한 복지 확대,집회 및 시위의 자유 보장,약간 찬성,인도적 대북지원,약간 반대,탈원전,탈원전 정책 폐기,한미동맹 강화,약간 반대,코로나 대책,경제 중시 (위드 코로나),국민의 힘,남성,35세,충청권,방송 아나운서,증세를 통한 복지 확대,매우 찬성,매우 찬성,탈원전 기조 유지,매우 찬성,경제 중시 (위드 코로나),소속 정당,정의당,성별,남성,연령,35세,출신 지역,충청권,전직,대기업 최고 경영자 (CEO),세금과 복지,증세를 통한 복지 확대,집회 및 시위의 자유 보장,매우 찬성,인도적 대북지원,매우 찬성,탈원전,탈원전 기조 유지,한미동맹 강화,약간 찬성,코로나 대책,경제 중시 (위드 코로나),정의당,여성,55세,충청권,방송 아나운서,증세를 통한 복지 확대,매우 찬성,약간 반대,탈원전 정책 폐기,약간 찬성,경제 중시 (위드 코로나)
2022-05-25 14:06:21,2022-05-25 14:08:37,0,1.240.40.218,100,135,1,2022-05-25 14:08:37,R_1BOFtNvzv1jrnI5,,,,,37.6402,127.2207,anonymous,KO,1,2,39,2,9,1,5,1,5,5,2,5,5,2,5,5,소속 정당,더불어 민주당,성별,여성,연령,45세,출신 지역,수도권,전직,변호사,탈원전,탈원전 정책 폐기,한미동맹 강화,약간 반대,집회 및 시위의 자유 보장,매우 반대,코로나 대책,방역 중시 (제로 코로나),세금과 복지,복지 축소를 통한 감세,인도적 대북지원,약간 반대,국민의 힘,남성,45세,호남 (전라),대기업 최고 경영자 (CEO),탈원전 기조 유지,약간 찬성,약간 찬성,경제 중시 (위드 코로나),증세를 통한 복지 확대,약간 찬성,소속 정당,더불어 민주당,성별,여성,연령,25세,출신 지역,영남 (경상),전직,대학교수,탈원전,탈원전 정책 폐기,한미동맹 강화,매우 찬성,집회 및 시위의 자유 보장,약간 반대,코로나 대책,경제 중시 (위드 코로나),세금과 복지,증세를 통한 복지 확대,인도적 대북지원,약간 찬성,국민의 힘,남성,35세,호남 (전라),시민단체 활동가,탈원전 기조 유지,매우 반대,약간 반대,경제 중시 (위드 코로나),증세를 통한 복지 확대,약간 반대,소속 정당,국민의 힘,성별,남성,연령,65세,출신 지역,충청권,전직,방송 아나운서,탈원전,탈원전 기조 유지,한미동맹 강화,매우 찬성,집회 및 시위의 자유 보장,약간 찬성,코로나 대책,경제 중시 (위드 코로나),세금과 복지,복지 축소를 통한 감세,인도적 대북지원,매우 반대,국민의 힘,남성,35세,호남 (전라),시민단체 활동가,탈원전 정책 폐기,매우 반대,약간 찬성,경제 중시 (위드 코로나),복지 축소를 통한 감세,약간 반대
2022-05-25 14:07:15,2022-05-25 14:12:43,0,211.40.202.34,100,327,1,2022-05-25 14:12:43,R_RVlA6IopKMSDZi9,,,,,35.824,128.7304,anonymous,KO,1,1,46,5,3,3,4,2,1,7,2,2,4,1,6,4,소속 정당,더불어 민주당,성별,남성,연령,35세,출신 지역,호남 (전라),전직,방송 아나운서,한미동맹 강화,매우 반대,인도적 대북지원,매우 찬성,탈원전,탈원전 정책 폐기,코로나 대책,방역 중시 (제로 코로나),세금과 복지,복지 축소를 통한 감세,집회 및 시위의 자유 보장,매우 찬성,더불어 민주당,여성,55세,수도권,대학교수,매우 반대,매우 찬성,탈원전 정책 폐기,방역 중시 (제로 코로나),복지 축소를 통한 감세,매우 반대,소속 정당,더불어 민주당,성별,여성,연령,35세,출신 지역,호남 (전라),전직,검사,한미동맹 강화,약간 반대,인도적 대북지원,약간 찬성,탈원전,탈원전 정책 폐기,코로나 대책,경제 중시 (위드 코로나),세금과 복지,증세를 통한 복지 확대,집회 및 시위의 자유 보장,매우 반대,국민의 힘,여성,25세,충청권,대학교수,약간 반대,약간 반대,탈원전 정책 폐기,경제 중시 (위드 코로나),복지 축소를 통한 감세,약간 반대,소속 정당,더불어 민주당,성별,여성,연령,25세,출신 지역,수도권,전직,시민단체 활동가,한미동맹 강화,약간 반대,인도적 대북지원,약간 찬성,탈원전,탈원전 기조 유지,코로나 대책,경제 중시 (위드 코로나),세금과 복지,증세를 통한 복지 확대,집회 및 시위의 자유 보장,약간 찬성,정의당,남성,35세,영남 (경상),대기업 최고 경영자 (CEO),매우 반대,약간 찬성,탈원전 기조 유지,경제 중시 (위드 코로나),증세를 통한 복지 확대,약간 찬성
2022-05-25 14:05:59,2022-05-25 14:13:31,0,116.126.66.80,100,451,1,2022-05-25 14:13:32,R_ZfQKGpWnEKigi3v,,,,,37.5219,129.1236,anonymous,KO,1,2,69,2,10,10,5,1,4,6,2,4,5,1,5,6,소속 정당,더불어 민주당,성별,남성,연령,25세,출신 지역,호남 (전라),전직,대기업 최고 경영자 (CEO),코로나 대책,방역 중시 (제로 코로나),세금과 복지,증세를 통한 복지 확대,인도적 대북지원,약간 찬성,집회 및 시위의 자유 보장,매우 반대,탈원전,탈원전 정책 폐기,한미동맹 강화,매우 반대,정의당,여성,35세,영남 (경상),군인,경제 중시 (위드 코로나),복지 축소를 통한 감세,약간 찬성,약간 반대,탈원전 정책 폐기,매우 찬성,소속 정당,더불어 민주당,성별,남성,연령,55세,출신 지역,충청권,전직,시민단체 활동가,코로나 대책,경제 중시 (위드 코로나),세금과 복지,복지 축소를 통한 감세,인도적 대북지원,매우 반대,집회 및 시위의 자유 보장,매우 찬성,탈원전,탈원전 기조 유지,한미동맹 강화,약간 찬성,더불어 민주당,남성,25세,수도권,대학교수,경제 중시 (위드 코로나),증세를 통한 복지 확대,매우 반대,약간 반대,탈원전 기조 유지,약간 찬성,소속 정당,더불어 민주당,성별,남성,연령,55세,출신 지역,영남 (경상),전직,시민단체 활동가,코로나 대책,방역 중시 (제로 코로나),세금과 복지,증세를 통한 복지 확대,인도적 대북지원,매우 반대,집회 및 시위의 자유 보장,약간 반대,탈원전,탈원전 기조 유지,한미동맹 강화,매우 찬성,국민의 힘,남성,45세,영남 (경상),검사,방역 중시 (제로 코로나),복지 축소를 통한 감세,약간 찬성,매우 반대,탈원전 정책 폐기,약간 찬성
2022-05-25 14:11:04,2022-05-25 14:17:23,0,61.76.218.90,100,378,1,2022-05-25 14:17:25,R_2YsOVqKdLQffF7g,,,,,35.5851,129.357,anonymous,KO,1,1,46,4,7,7,5,2,3,5,1,4,6,2,5,4,소속 정당,더불어 민주당,성별,여성,연령,35세,출신 지역,영남 (경상),전직,군인,코로나 대책,방역 중시 (제로 코로나),세금과 복지,복지 축소를 통한 감세,인도적 대북지원,매우 찬성,집회 및 시위의 자유 보장,약간 반대,한미동맹 강화,매우 찬성,탈원전,탈원전 기조 유지,정의당,여성,35세,호남 (전라),방송 아나운서,경제 중시 (위드 코로나),복지 축소를 통한 감세,매우 반대,매우 찬성,약간 반대,탈원전 정책 폐기,소속 정당,정의당,성별,남성,연령,25세,출신 지역,영남 (경상),전직,변호사,코로나 대책,경제 중시 (위드 코로나),세금과 복지,복지 축소를 통한 감세,인도적 대북지원,매우 찬성,집회 및 시위의 자유 보장,매우 반대,한미동맹 강화,약간 반대,탈원전,탈원전 정책 폐기,정의당,여성,35세,충청권,군인,경제 중시 (위드 코로나),증세를 통한 복지 확대,매우 찬성,매우 찬성,매우 찬성,탈원전 정책 폐기,소속 정당,정의당,성별,남성,연령,35세,출신 지역,호남 (전라),전직,대학교수,코로나 대책,방역 중시 (제로 코로나),세금과 복지,증세를 통한 복지 확대,인도적 대북지원,매우 찬성,집회 및 시위의 자유 보장,매우 찬성,한미동맹 강화,매우 반대,탈원전,탈원전 정책 폐기,국민의 힘,여성,55세,충청권,시민단체 활동가,경제 중시 (위드 코로나),복지 축소를 통한 감세,매우 반대,매우 반대,약간 반대,탈원전 기조 유지
2022-05-25 14:09:36,2022-05-25 14:18:15,0,222.120.60.118,100,519,1,2022-05-25 14:18:16,R_1pYW4WwFAO6ncAh,,,,,37.7396,127.0539,anonymous,KO,1,2,46,3,9,1,3,2,6,8,2,7,5,1,4,7,소속 정당,국민의 힘,성별,남성,연령,65세,출신 지역,영남 (경상),전직,군인,인도적 대북지원,약간 찬성,세금과 복지,복지 축소를 통한 감세,코로나 대책,방역 중시 (제로 코로나),탈원전,탈원전 기조 유지,집회 및 시위의 자유 보장,약간 반대,한미동맹 강화,매우 반대,더불어 민주당,남성,45세,영남 (경상),대학교수,약간 반대,복지 축소를 통한 감세,경제 중시 (위드 코로나),탈원전 정책 폐기,약간 반대,약간 찬성,소속 정당,국민의 힘,성별,남성,연령,25세,출신 지역,수도권,전직,대학교수,인도적 대북지원,약간 찬성,세금과 복지,증세를 통한 복지 확대,코로나 대책,경제 중시 (위드 코로나),탈원전,탈원전 기조 유지,집회 및 시위의 자유 보장,약간 찬성,한미동맹 강화,약간 찬성,정의당,남성,65세,영남 (경상),방송 아나운서,약간 찬성,복지 축소를 통한 감세,방역 중시 (제로 코로나),탈원전 기조 유지,약간 반대,약간 반대,소속 정당,더불어 민주당,성별,여성,연령,55세,출신 지역,충청권,전직,대학교수,인도적 대북지원,약간 찬성,세금과 복지,복지 축소를 통한 감세,코로나 대책,경제 중시 (위드 코로나),탈원전,탈원전 정책 폐기,집회 및 시위의 자유 보장,약간 반대,한미동맹 강화,매우 찬성,더불어 민주당,남성,35세,수도권,시민단체 활동가,약간 반대,증세를 통한 복지 확대,방역 중시 (제로 코로나),탈원전 정책 폐기,약간 반대,매우 찬성
2022-05-25 14:17:51,2022-05-25 14:22:04,0,183.102.49.61,100,252,1,2022-05-25 14:22:04,R_21sVFp5QQFvNoou,,,,,37.4796,126.8746,anonymous,KO,1,1,39,4,9,1,3,2,6,6,1,5,5,2,5,5,소속 정당,더불어 민주당,성별,남성,연령,25세,출신 지역,호남 (전라),전직,방송 아나운서,인도적 대북지원,약간 찬성,코로나 대책,방역 중시 (제로 코로나),집회 및 시위의 자유 보장,약간 반대,세금과 복지,복지 축소를 통한 감세,한미동맹 강화,매우 찬성,탈원전,탈원전 정책 폐기,정의당,남성,35세,수도권,검사,약간 반대,경제 중시 (위드 코로나),약간 찬성,복지 축소를 통한 감세,약간 반대,탈원전 정책 폐기,소속 정당,더불어 민주당,성별,남성,연령,65세,출신 지역,영남 (경상),전직,검사,인도적 대북지원,매우 반대,코로나 대책,방역 중시 (제로 코로나),집회 및 시위의 자유 보장,약간 반대,세금과 복지,복지 축소를 통한 감세,한미동맹 강화,약간 찬성,탈원전,탈원전 정책 폐기,국민의 힘,남성,35세,영남 (경상),군인,약간 찬성,방역 중시 (제로 코로나),약간 반대,증세를 통한 복지 확대,매우 찬성,탈원전 정책 폐기,소속 정당,국민의 힘,성별,여성,연령,55세,출신 지역,호남 (전라),전직,방송 아나운서,인도적 대북지원,매우 반대,코로나 대책,방역 중시 (제로 코로나),집회 및 시위의 자유 보장,약간 찬성,세금과 복지,복지 축소를 통한 감세,한미동맹 강화,약간 찬성,탈원전,탈원전 정책 폐기,더불어 민주당,남성,25세,호남 (전라),군인,매우 찬성,방역 중시 (제로 코로나),매우 찬성,복지 축소를 통한 감세,약간 반대,탈원전 기조 유지
2022-05-25 14:14:42,2022-05-25 14:23:29,0,180.66.165.44,100,527,1,2022-05-25 14:23:29,R_1nOPRCfDBtcMh0Z,,,,,37.4331,127.1377,anonymous,KO,1,2,60,5,9,11,4,1,3,6,1,4,4,2,6,5,소속 정당,정의당,성별,여성,연령,55세,출신 지역,영남 (경상),전직,대학교수,코로나 대책,경제 중시 (위드 코로나),탈원전,탈원전 기조 유지,인도적 대북지원,약간 반대,한미동맹 강화,매우 찬성,집회 및 시위의 자유 보장,약간 반대,세금과 복지,증세를 통한 복지 확대,더불어 민주당,여성,65세,호남 (전라),군인,방역 중시 (제로 코로나),탈원전 정책 폐기,매우 찬성,매우 찬성,매우 찬성,증세를 통한 복지 확대,소속 정당,정의당,성별,남성,연령,65세,출신 지역,호남 (전라),전직,시민단체 활동가,코로나 대책,방역 중시 (제로 코로나),탈원전,탈원전 기조 유지,인도적 대북지원,약간 찬성,한미동맹 강화,약간 반대,집회 및 시위의 자유 보장,매우 반대,세금과 복지,복지 축소를 통한 감세,더불어 민주당,남성,45세,충청권,검사,방역 중시 (제로 코로나),탈원전 기조 유지,매우 찬성,매우 찬성,매우 반대,증세를 통한 복지 확대,소속 정당,국민의 힘,성별,남성,연령,35세,출신 지역,호남 (전라),전직,검사,코로나 대책,방역 중시 (제로 코로나),탈원전,탈원전 정책 폐기,인도적 대북지원,매우 반대,한미동맹 강화,약간 반대,집회 및 시위의 자유 보장,매우 반대,세금과 복지,증세를 통한 복지 확대,정의당,남성,55세,호남 (전라),시민단체 활동가,경제 중시 (위드 코로나),탈원전 정책 폐기,매우 찬성,매우 찬성,매우 찬성,증세를 통한 복지 확대
2022-05-25 14:16:35,2022-05-25 14:26:03,0,218.233.188.35,100,568,1,2022-05-25 14:26:06,R_1lttC6aDtozYZby,,,,,35.1659,129.0542,anonymous,KO,1,2,64,2,2,16,5,1,0,0,1,4,0,1,4,4,소속 정당,국민의 힘,성별,남성,연령,45세,출신 지역,호남 (전라),전직,대기업 최고 경영자 (CEO),한미동맹 강화,약간 반대,탈원전,탈원전 정책 폐기,코로나 대책,경제 중시 (위드 코로나),집회 및 시위의 자유 보장,매우 반대,인도적 대북지원,매우 찬성,세금과 복지,증세를 통한 복지 확대,더불어 민주당,남성,25세,수도권,변호사,약간 반대,탈원전 정책 폐기,방역 중시 (제로 코로나),매우 반대,약간 찬성,복지 축소를 통한 감세,소속 정당,정의당,성별,남성,연령,45세,출신 지역,영남 (경상),전직,변호사,한미동맹 강화,매우 찬성,탈원전,탈원전 기조 유지,코로나 대책,경제 중시 (위드 코로나),집회 및 시위의 자유 보장,매우 반대,인도적 대북지원,매우 반대,세금과 복지,복지 축소를 통한 감세,더불어 민주당,여성,55세,수도권,군인,매우 찬성,탈원전 기조 유지,경제 중시 (위드 코로나),매우 반대,약간 반대,복지 축소를 통한 감세,소속 정당,국민의 힘,성별,여성,연령,65세,출신 지역,충청권,전직,시민단체 활동가,한미동맹 강화,약간 반대,탈원전,탈원전 기조 유지,코로나 대책,경제 중시 (위드 코로나),집회 및 시위의 자유 보장,약간 찬성,인도적 대북지원,매우 반대,세금과 복지,증세를 통한 복지 확대,국민의 힘,남성,35세,호남 (전라),변호사,약간 찬성,탈원전 기조 유지,경제 중시 (위드 코로나),매우 찬성,매우 반대,증세를 통한 복지 확대
2022-05-25 14:21:12,2022-05-25 14:27:59,0,116.39.164.15,100,407,1,2022-05-25 14:28:00,R_2xORCpnfFMDblmL,,,,,37.5794,126.9754,anonymous,KO,1,1,24,4,15,15,2,2,3,4,1,6,2,1,6,5,소속 정당,정의당,성별,여성,연령,45세,출신 지역,수도권,전직,대기업 최고 경영자 (CEO),세금과 복지,증세를 통한 복지 확대,탈원전,탈원전 정책 폐기,인도적 대북지원,매우 찬성,코로나 대책,경제 중시 (위드 코로나),집회 및 시위의 자유 보장,약간 찬성,한미동맹 강화,약간 반대,정의당,여성,45세,호남 (전라),변호사,증세를 통한 복지 확대,탈원전 기조 유지,매우 찬성,경제 중시 (위드 코로나),약간 반대,매우 찬성,소속 정당,더불어 민주당,성별,여성,연령,55세,출신 지역,충청권,전직,군인,세금과 복지,복지 축소를 통한 감세,탈원전,탈원전 정책 폐기,인도적 대북지원,약간 찬성,코로나 대책,방역 중시 (제로 코로나),집회 및 시위의 자유 보장,매우 찬성,한미동맹 강화,약간 찬성,정의당,남성,55세,충청권,변호사,복지 축소를 통한 감세,탈원전 기조 유지,매우 찬성,경제 중시 (위드 코로나),매우 찬성,매우 반대,소속 정당,정의당,성별,남성,연령,45세,출신 지역,호남 (전라),전직,검사,세금과 복지,복지 축소를 통한 감세,탈원전,탈원전 기조 유지,인도적 대북지원,매우 반대,코로나 대책,경제 중시 (위드 코로나),집회 및 시위의 자유 보장,매우 반대,한미동맹 강화,매우 찬성,더불어 민주당,여성,25세,영남 (경상),검사,복지 축소를 통한 감세,탈원전 기조 유지,약간 찬성,방역 중시 (제로 코로나),약간 찬성,매우 찬성
2022-05-25 14:25:54,2022-05-25 14:30:41,0,220.95.16.37,100,286,1,2022-05-25 14:30:42,R_Z8BT52754nK11kJ,,,,,34.3115,126.7345,anonymous,KO,1,2,52,2,14,14,3,1,5,4,1,5,6,2,4,6,소속 정당,정의당,성별,남성,연령,65세,출신 지역,호남 (전라),전직,검사,코로나 대책,방역 중시 (제로 코로나),인도적 대북지원,매우 반대,한미동맹 강화,매우 반대,집회 및 시위의 자유 보장,매우 찬성,세금과 복지,증세를 통한 복지 확대,탈원전,탈원전 정책 폐기,정의당,여성,55세,수도권,대기업 최고 경영자 (CEO),방역 중시 (제로 코로나),약간 찬성,매우 반대,매우 반대,복지 축소를 통한 감세,탈원전 정책 폐기,소속 정당,정의당,성별,남성,연령,55세,출신 지역,수도권,전직,시민단체 활동가,코로나 대책,방역 중시 (제로 코로나),인도적 대북지원,약간 반대,한미동맹 강화,매우 찬성,집회 및 시위의 자유 보장,약간 찬성,세금과 복지,증세를 통한 복지 확대,탈원전,탈원전 기조 유지,국민의 힘,여성,35세,호남 (전라),군인,경제 중시 (위드 코로나),약간 찬성,약간 반대,약간 반대,증세를 통한 복지 확대,탈원전 정책 폐기,소속 정당,정의당,성별,남성,연령,35세,출신 지역,수도권,전직,검사,코로나 대책,경제 중시 (위드 코로나),인도적 대북지원,약간 찬성,한미동맹 강화,매우 반대,집회 및 시위의 자유 보장,약간 반대,세금과 복지,복지 축소를 통한 감세,탈원전,탈원전 기조 유지,국민의 힘,남성,25세,영남 (경상),대기업 최고 경영자 (CEO),경제 중시 (위드 코로나),매우 반대,약간 찬성,매우 반대,복지 축소를 통한 감세,탈원전 정책 폐기
2022-05-25 14:09:48,2022-05-25 14:35:26,0,110.47.182.157,100,1538,1,2022-05-25 14:35:26,R_32JSfuW6VkydPv2,,,,,37.5007,126.7076,anonymous,KO,1,2,39,2,4,4,2,2,5,6,2,5,6,1,6,3,소속 정당,국민의 힘,성별,남성,연령,55세,출신 지역,충청권,전직,방송 아나운서,세금과 복지,증세를 통한 복지 확대,인도적 대북지원,약간 반대,탈원전,탈원전 정책 폐기,코로나 대책,방역 중시 (제로 코로나),한미동맹 강화,약간 반대,집회 및 시위의 자유 보장,약간 반대,국민의 힘,여성,55세,호남 (전라),군인,증세를 통한 복지 확대,매우 반대,탈원전 기조 유지,방역 중시 (제로 코로나),약간 찬성,약간 반대,소속 정당,정의당,성별,남성,연령,65세,출신 지역,수도권,전직,검사,세금과 복지,증세를 통한 복지 확대,인도적 대북지원,매우 찬성,탈원전,탈원전 기조 유지,코로나 대책,경제 중시 (위드 코로나),한미동맹 강화,매우 찬성,집회 및 시위의 자유 보장,약간 반대,더불어 민주당,여성,55세,영남 (경상),변호사,복지 축소를 통한 감세,매우 반대,탈원전 기조 유지,방역 중시 (제로 코로나),약간 반대,매우 찬성,소속 정당,정의당,성별,남성,연령,55세,출신 지역,수도권,전직,군인,세금과 복지,복지 축소를 통한 감세,인도적 대북지원,약간 찬성,탈원전,탈원전 정책 폐기,코로나 대책,방역 중시 (제로 코로나),한미동맹 강화,매우 찬성,집회 및 시위의 자유 보장,매우 찬성,더불어 민주당,남성,35세,영남 (경상),검사,복지 축소를 통한 감세,매우 반대,탈원전 기조 유지,방역 중시 (제로 코로나),매우 찬성,매우 반대
2022-05-25 14:29:53,2022-05-25 14:36:19,0,221.143.3.49,100,386,1,2022-05-25 14:36:21,R_1LUyUSWzXQAnPTf,,,,,37.5662,126.8309,anonymous,KO,1,2,62,4,1,11,4,1,6,6,1,7,2,2,5,6,소속 정당,더불어 민주당,성별,남성,연령,35세,출신 지역,수도권,전직,시민단체 활동가,탈원전,탈원전 기조 유지,세금과 복지,증세를 통한 복지 확대,코로나 대책,방역 중시 (제로 코로나),인도적 대북지원,매우 찬성,집회 및 시위의 자유 보장,약간 찬성,한미동맹 강화,매우 찬성,정의당,남성,35세,충청권,시민단체 활동가,탈원전 기조 유지,증세를 통한 복지 확대,경제 중시 (위드 코로나),약간 반대,매우 반대,약간 찬성,소속 정당,더불어 민주당,성별,남성,연령,25세,출신 지역,호남 (전라),전직,변호사,탈원전,탈원전 정책 폐기,세금과 복지,복지 축소를 통한 감세,코로나 대책,방역 중시 (제로 코로나),인도적 대북지원,약간 반대,집회 및 시위의 자유 보장,약간 찬성,한미동맹 강화,매우 찬성,정의당,남성,65세,충청권,시민단체 활동가,탈원전 정책 폐기,복지 축소를 통한 감세,방역 중시 (제로 코로나),매우 찬성,매우 찬성,약간 반대,소속 정당,더불어 민주당,성별,여성,연령,45세,출신 지역,충청권,전직,검사,탈원전,탈원전 기조 유지,세금과 복지,복지 축소를 통한 감세,코로나 대책,방역 중시 (제로 코로나),인도적 대북지원,약간 찬성,집회 및 시위의 자유 보장,약간 찬성,한미동맹 강화,약간 찬성,더불어 민주당,남성,55세,충청권,대기업 최고 경영자 (CEO),탈원전 기조 유지,증세를 통한 복지 확대,경제 중시 (위드 코로나),매우 반대,약간 찬성,약간 찬성
2022-05-25 14:38:01,2022-05-25 14:43:19,0,61.77.58.222,100,317,1,2022-05-25 14:43:20,R_2VkFojvvISRrfhB,,,,,37.3463,126.9711,anonymous,KO,1,2,46,5,1,1,5,2,4,8,1,5,5,1,5,5,소속 정당,정의당,성별,여성,연령,65세,출신 지역,수도권,전직,방송 아나운서,세금과 복지,증세를 통한 복지 확대,집회 및 시위의 자유 보장,약간 반대,탈원전,탈원전 정책 폐기,인도적 대북지원,약간 반대,한미동맹 강화,약간 찬성,코로나 대책,방역 중시 (제로 코로나),국민의 힘,여성,25세,영남 (경상),시민단체 활동가,복지 축소를 통한 감세,매우 반대,탈원전 정책 폐기,매우 찬성,매우 찬성,경제 중시 (위드 코로나),소속 정당,국민의 힘,성별,남성,연령,45세,출신 지역,수도권,전직,방송 아나운서,세금과 복지,증세를 통한 복지 확대,집회 및 시위의 자유 보장,매우 찬성,탈원전,탈원전 기조 유지,인도적 대북지원,약간 찬성,한미동맹 강화,약간 찬성,코로나 대책,방역 중시 (제로 코로나),더불어 민주당,남성,25세,충청권,군인,증세를 통한 복지 확대,약간 찬성,탈원전 정책 폐기,매우 찬성,약간 찬성,방역 중시 (제로 코로나),소속 정당,국민의 힘,성별,여성,연령,65세,출신 지역,수도권,전직,변호사,세금과 복지,증세를 통한 복지 확대,집회 및 시위의 자유 보장,매우 찬성,탈원전,탈원전 기조 유지,인도적 대북지원,매우 반대,한미동맹 강화,약간 찬성,코로나 대책,방역 중시 (제로 코로나),정의당,여성,25세,수도권,검사,복지 축소를 통한 감세,약간 찬성,탈원전 기조 유지,약간 찬성,약간 찬성,방역 중시 (제로 코로나)
2022-05-25 14:40:42,2022-05-25 14:45:18,0,183.104.135.228,100,275,1,2022-05-25 14:45:20,R_A7Et3pSFLMudKNP,,,,,35.5499,129.3294,anonymous,KO,1,1,27,4,2,2,3,1,8,5,2,3,6,2,8,7,소속 정당,정의당,성별,남성,연령,65세,출신 지역,호남 (전라),전직,시민단체 활동가,세금과 복지,증세를 통한 복지 확대,탈원전,탈원전 정책 폐기,집회 및 시위의 자유 보장,약간 반대,코로나 대책,경제 중시 (위드 코로나),인도적 대북지원,약간 반대,한미동맹 강화,매우 찬성,국민의 힘,여성,45세,충청권,대학교수,증세를 통한 복지 확대,탈원전 정책 폐기,매우 반대,방역 중시 (제로 코로나),매우 반대,매우 찬성,소속 정당,더불어 민주당,성별,여성,연령,65세,출신 지역,수도권,전직,검사,세금과 복지,증세를 통한 복지 확대,탈원전,탈원전 기조 유지,집회 및 시위의 자유 보장,매우 찬성,코로나 대책,방역 중시 (제로 코로나),인도적 대북지원,매우 찬성,한미동맹 강화,약간 반대,국민의 힘,여성,65세,충청권,변호사,증세를 통한 복지 확대,탈원전 정책 폐기,약간 찬성,방역 중시 (제로 코로나),약간 찬성,약간 찬성,소속 정당,더불어 민주당,성별,여성,연령,25세,출신 지역,호남 (전라),전직,변호사,세금과 복지,복지 축소를 통한 감세,탈원전,탈원전 정책 폐기,집회 및 시위의 자유 보장,매우 찬성,코로나 대책,방역 중시 (제로 코로나),인도적 대북지원,약간 반대,한미동맹 강화,매우 반대,더불어 민주당,남성,65세,수도권,대학교수,복지 축소를 통한 감세,탈원전 기조 유지,매우 반대,경제 중시 (위드 코로나),매우 반대,매우 찬성
2022-05-25 13:28:02,2022-05-25 14:45:20,0,211.217.172.82,100,4637,1,2022-05-25 14:45:20,R_1Le5RnJSDbmL6uQ,,,,,37.5138,126.8857,anonymous,KO,1,1,64,4,9,1,5,2,4,6,2,4,5,1,6,5,소속 정당,더불어 민주당,성별,여성,연령,35세,출신 지역,호남 (전라),전직,군인,탈원전,탈원전 기조 유지,집회 및 시위의 자유 보장,매우 찬성,한미동맹 강화,약간 반대,인도적 대북지원,약간 반대,코로나 대책,경제 중시 (위드 코로나),세금과 복지,복지 축소를 통한 감세,국민의 힘,남성,35세,호남 (전라),방송 아나운서,탈원전 정책 폐기,매우 반대,매우 찬성,약간 반대,방역 중시 (제로 코로나),증세를 통한 복지 확대,소속 정당,더불어 민주당,성별,남성,연령,55세,출신 지역,호남 (전라),전직,방송 아나운서,탈원전,탈원전 정책 폐기,집회 및 시위의 자유 보장,약간 반대,한미동맹 강화,매우 반대,인도적 대북지원,매우 찬성,코로나 대책,경제 중시 (위드 코로나),세금과 복지,증세를 통한 복지 확대,더불어 민주당,여성,35세,영남 (경상),군인,탈원전 정책 폐기,매우 반대,약간 반대,매우 반대,방역 중시 (제로 코로나),복지 축소를 통한 감세,소속 정당,더불어 민주당,성별,여성,연령,45세,출신 지역,영남 (경상),전직,대기업 최고 경영자 (CEO),탈원전,탈원전 정책 폐기,집회 및 시위의 자유 보장,매우 찬성,한미동맹 강화,약간 찬성,인도적 대북지원,약간 반대,코로나 대책,방역 중시 (제로 코로나),세금과 복지,증세를 통한 복지 확대,더불어 민주당,여성,25세,충청권,대기업 최고 경영자 (CEO),탈원전 기조 유지,매우 찬성,약간 찬성,매우 반대,방역 중시 (제로 코로나),복지 축소를 통한 감세
2022-05-25 14:21:13,2022-05-25 14:56:48,0,124.60.59.128,100,2135,1,2022-05-25 14:56:48,R_1NEaQLPw1jVjCHE,,,,,37.5007,126.7076,anonymous,KO,1,1,36,4,4,4,3,1,7,5,2,5,4,2,4,5,소속 정당,더불어 민주당,성별,여성,연령,55세,출신 지역,영남 (경상),전직,군인,세금과 복지,증세를 통한 복지 확대,집회 및 시위의 자유 보장,약간 반대,인도적 대북지원,매우 반대,탈원전,탈원전 정책 폐기,코로나 대책,경제 중시 (위드 코로나),한미동맹 강화,약간 찬성,국민의 힘,여성,65세,수도권,대학교수,복지 축소를 통한 감세,약간 찬성,약간 반대,탈원전 기조 유지,방역 중시 (제로 코로나),약간 찬성,소속 정당,더불어 민주당,성별,여성,연령,65세,출신 지역,수도권,전직,대기업 최고 경영자 (CEO),세금과 복지,복지 축소를 통한 감세,집회 및 시위의 자유 보장,약간 반대,인도적 대북지원,약간 찬성,탈원전,탈원전 정책 폐기,코로나 대책,경제 중시 (위드 코로나),한미동맹 강화,매우 찬성,더불어 민주당,남성,65세,충청권,변호사,복지 축소를 통한 감세,약간 찬성,약간 반대,탈원전 기조 유지,방역 중시 (제로 코로나),매우 찬성,소속 정당,정의당,성별,여성,연령,45세,출신 지역,영남 (경상),전직,대기업 최고 경영자 (CEO),세금과 복지,증세를 통한 복지 확대,집회 및 시위의 자유 보장,약간 찬성,인도적 대북지원,매우 찬성,탈원전,탈원전 기조 유지,코로나 대책,방역 중시 (제로 코로나),한미동맹 강화,매우 찬성,더불어 민주당,남성,25세,충청권,검사,증세를 통한 복지 확대,약간 반대,매우 찬성,탈원전 정책 폐기,방역 중시 (제로 코로나),약간 반대
2022-05-25 12:29:04,2022-05-25 15:01:13,0,112.166.37.232,100,9128,1,2022-05-25 15:01:15,R_xgUJnFlLxEJKFbj,,,,,36.2742,127.3349,anonymous,KO,1,1,41,4,6,6,5,2,3,7,1,4,6,1,6,4,소속 정당,국민의 힘,성별,남성,연령,45세,출신 지역,호남 (전라),전직,검사,한미동맹 강화,매우 반대,탈원전,탈원전 정책 폐기,세금과 복지,증세를 통한 복지 확대,인도적 대북지원,약간 반대,집회 및 시위의 자유 보장,약간 반대,코로나 대책,경제 중시 (위드 코로나),국민의 힘,남성,35세,수도권,검사,약간 반대,탈원전 정책 폐기,증세를 통한 복지 확대,매우 찬성,매우 반대,방역 중시 (제로 코로나),소속 정당,정의당,성별,여성,연령,35세,출신 지역,충청권,전직,대학교수,한미동맹 강화,매우 찬성,탈원전,탈원전 기조 유지,세금과 복지,증세를 통한 복지 확대,인도적 대북지원,약간 반대,집회 및 시위의 자유 보장,매우 찬성,코로나 대책,경제 중시 (위드 코로나),더불어 민주당,남성,35세,호남 (전라),군인,약간 반대,탈원전 기조 유지,증세를 통한 복지 확대,매우 반대,약간 반대,경제 중시 (위드 코로나),소속 정당,정의당,성별,남성,연령,55세,출신 지역,호남 (전라),전직,군인,한미동맹 강화,약간 찬성,탈원전,탈원전 정책 폐기,세금과 복지,증세를 통한 복지 확대,인도적 대북지원,매우 반대,집회 및 시위의 자유 보장,약간 반대,코로나 대책,경제 중시 (위드 코로나),국민의 힘,남성,35세,충청권,대기업 최고 경영자 (CEO),약간 찬성,탈원전 정책 폐기,증세를 통한 복지 확대,약간 찬성,약간 반대,경제 중시 (위드 코로나)
2022-05-25 14:52:26,2022-05-25 15:03:06,0,59.15.94.55,100,639,1,2022-05-25 15:03:06,R_1NCbvgWK1yQMJoN,,,,,37.5662,126.8309,anonymous,KO,1,2,39,4,1,1,3,1,4,4,2,4,4,1,3,6,소속 정당,더불어 민주당,성별,남성,연령,65세,출신 지역,호남 (전라),전직,대학교수,집회 및 시위의 자유 보장,약간 찬성,한미동맹 강화,약간 찬성,인도적 대북지원,약간 찬성,세금과 복지,복지 축소를 통한 감세,코로나 대책,경제 중시 (위드 코로나),탈원전,탈원전 정책 폐기,더불어 민주당,남성,45세,충청권,대기업 최고 경영자 (CEO),약간 반대,매우 반대,매우 찬성,복지 축소를 통한 감세,방역 중시 (제로 코로나),탈원전 정책 폐기,소속 정당,국민의 힘,성별,여성,연령,25세,출신 지역,호남 (전라),전직,군인,집회 및 시위의 자유 보장,약간 찬성,한미동맹 강화,매우 찬성,인도적 대북지원,약간 반대,세금과 복지,증세를 통한 복지 확대,코로나 대책,경제 중시 (위드 코로나),탈원전,탈원전 정책 폐기,국민의 힘,남성,35세,호남 (전라),방송 아나운서,매우 찬성,매우 찬성,약간 반대,복지 축소를 통한 감세,경제 중시 (위드 코로나),탈원전 정책 폐기,소속 정당,더불어 민주당,성별,여성,연령,35세,출신 지역,충청권,전직,검사,집회 및 시위의 자유 보장,약간 찬성,한미동맹 강화,매우 찬성,인도적 대북지원,약간 찬성,세금과 복지,증세를 통한 복지 확대,코로나 대책,방역 중시 (제로 코로나),탈원전,탈원전 기조 유지,국민의 힘,남성,55세,수도권,대학교수,매우 반대,매우 반대,매우 반대,증세를 통한 복지 확대,방역 중시 (제로 코로나),탈원전 정책 폐기
2022-05-25 15:03:25,2022-05-25 15:09:19,0,222.234.190.60,100,354,1,2022-05-25 15:09:21,R_4Ge1DZPqrWUxK3n,,,,,35.3447,129.0299,anonymous,KO,1,1,58,2,16,16,3,2,1,6,2,1,8,2,4,9,소속 정당,더불어 민주당,성별,여성,연령,45세,출신 지역,호남 (전라),전직,대기업 최고 경영자 (CEO),코로나 대책,경제 중시 (위드 코로나),인도적 대북지원,매우 반대,세금과 복지,증세를 통한 복지 확대,한미동맹 강화,매우 반대,탈원전,탈원전 정책 폐기,집회 및 시위의 자유 보장,약간 찬성,정의당,여성,55세,영남 (경상),변호사,방역 중시 (제로 코로나),약간 반대,증세를 통한 복지 확대,약간 반대,탈원전 정책 폐기,매우 반대,소속 정당,더불어 민주당,성별,여성,연령,55세,출신 지역,충청권,전직,군인,코로나 대책,경제 중시 (위드 코로나),인도적 대북지원,매우 찬성,세금과 복지,복지 축소를 통한 감세,한미동맹 강화,약간 찬성,탈원전,탈원전 기조 유지,집회 및 시위의 자유 보장,매우 찬성,더불어 민주당,남성,65세,충청권,검사,경제 중시 (위드 코로나),약간 반대,복지 축소를 통한 감세,매우 찬성,탈원전 정책 폐기,약간 찬성,소속 정당,정의당,성별,남성,연령,65세,출신 지역,호남 (전라),전직,검사,코로나 대책,방역 중시 (제로 코로나),인도적 대북지원,약간 찬성,세금과 복지,복지 축소를 통한 감세,한미동맹 강화,약간 찬성,탈원전,탈원전 기조 유지,집회 및 시위의 자유 보장,매우 반대,국민의 힘,남성,55세,호남 (전라),변호사,방역 중시 (제로 코로나),매우 반대,증세를 통한 복지 확대,약간 찬성,탈원전 기조 유지,약간 반대
2022-05-25 15:01:44,2022-05-25 15:09:35,0,220.80.152.112,100,471,1,2022-05-25 15:09:35,R_T6Hug8hnuYyrKoN,,,,,35.1421,126.9168,anonymous,KO,1,1,64,4,5,14,3,1,8,8,2,9,3,2,8,3,소속 정당,국민의 힘,성별,남성,연령,35세,출신 지역,영남 (경상),전직,대학교수,집회 및 시위의 자유 보장,매우 찬성,한미동맹 강화,매우 반대,코로나 대책,방역 중시 (제로 코로나),탈원전,탈원전 정책 폐기,인도적 대북지원,매우 반대,세금과 복지,증세를 통한 복지 확대,국민의 힘,남성,65세,영남 (경상),변호사,매우 반대,약간 반대,방역 중시 (제로 코로나),탈원전 정책 폐기,매우 반대,증세를 통한 복지 확대,소속 정당,더불어 민주당,성별,남성,연령,55세,출신 지역,수도권,전직,군인,집회 및 시위의 자유 보장,매우 반대,한미동맹 강화,약간 반대,코로나 대책,경제 중시 (위드 코로나),탈원전,탈원전 정책 폐기,인도적 대북지원,매우 반대,세금과 복지,증세를 통한 복지 확대,더불어 민주당,남성,55세,영남 (경상),검사,매우 찬성,매우 반대,방역 중시 (제로 코로나),탈원전 기조 유지,약간 반대,증세를 통한 복지 확대,소속 정당,국민의 힘,성별,여성,연령,65세,출신 지역,호남 (전라),전직,변호사,집회 및 시위의 자유 보장,매우 반대,한미동맹 강화,매우 찬성,코로나 대책,방역 중시 (제로 코로나),탈원전,탈원전 정책 폐기,인도적 대북지원,약간 반대,세금과 복지,복지 축소를 통한 감세,국민의 힘,남성,45세,호남 (전라),방송 아나운서,약간 반대,매우 반대,경제 중시 (위드 코로나),탈원전 기조 유지,약간 반대,복지 축소를 통한 감세
2022-05-25 15:07:32,2022-05-25 15:11:29,0,124.194.66.138,100,236,1,2022-05-25 15:11:30,R_12yV9auBHSIldjw,,,,,35.2317,128.6822,anonymous,KO,1,2,38,3,16,16,2,2,5,5,1,5,5,1,5,5,소속 정당,정의당,성별,여성,연령,45세,출신 지역,호남 (전라),전직,변호사,탈원전,탈원전 기조 유지,한미동맹 강화,매우 반대,인도적 대북지원,매우 찬성,세금과 복지,증세를 통한 복지 확대,집회 및 시위의 자유 보장,약간 반대,코로나 대책,방역 중시 (제로 코로나),국민의 힘,남성,65세,충청권,방송 아나운서,탈원전 기조 유지,약간 반대,매우 찬성,증세를 통한 복지 확대,약간 반대,경제 중시 (위드 코로나),소속 정당,더불어 민주당,성별,남성,연령,25세,출신 지역,호남 (전라),전직,변호사,탈원전,탈원전 정책 폐기,한미동맹 강화,매우 반대,인도적 대북지원,약간 찬성,세금과 복지,복지 축소를 통한 감세,집회 및 시위의 자유 보장,매우 반대,코로나 대책,방역 중시 (제로 코로나),국민의 힘,남성,25세,수도권,검사,탈원전 정책 폐기,매우 찬성,매우 찬성,증세를 통한 복지 확대,약간 찬성,방역 중시 (제로 코로나),소속 정당,국민의 힘,성별,여성,연령,55세,출신 지역,영남 (경상),전직,검사,탈원전,탈원전 정책 폐기,한미동맹 강화,약간 반대,인도적 대북지원,약간 반대,세금과 복지,증세를 통한 복지 확대,집회 및 시위의 자유 보장,매우 찬성,코로나 대책,경제 중시 (위드 코로나),더불어 민주당,남성,65세,영남 (경상),대학교수,탈원전 정책 폐기,약간 반대,약간 반대,증세를 통한 복지 확대,약간 찬성,경제 중시 (위드 코로나)
2022-05-25 14:28:48,2022-05-25 15:11:55,0,218.237.173.91,100,2587,1,2022-05-25 15:11:56,R_afavTtB2wwajoS5,,,,,37.5662,126.8309,anonymous,KO,1,2,25,4,1,1,6,1,4,6,2,4,6,1,3,10,소속 정당,국민의 힘,성별,여성,연령,25세,출신 지역,수도권,전직,군인,인도적 대북지원,약간 반대,세금과 복지,증세를 통한 복지 확대,집회 및 시위의 자유 보장,매우 반대,코로나 대책,경제 중시 (위드 코로나),한미동맹 강화,약간 찬성,탈원전,탈원전 정책 폐기,더불어 민주당,여성,35세,영남 (경상),시민단체 활동가,약간 찬성,복지 축소를 통한 감세,약간 반대,방역 중시 (제로 코로나),약간 반대,탈원전 정책 폐기,소속 정당,정의당,성별,여성,연령,55세,출신 지역,호남 (전라),전직,변호사,인도적 대북지원,약간 찬성,세금과 복지,복지 축소를 통한 감세,집회 및 시위의 자유 보장,매우 찬성,코로나 대책,경제 중시 (위드 코로나),한미동맹 강화,약간 반대,탈원전,탈원전 기조 유지,더불어 민주당,여성,55세,충청권,대학교수,매우 반대,복지 축소를 통한 감세,약간 반대,경제 중시 (위드 코로나),매우 찬성,탈원전 정책 폐기,소속 정당,국민의 힘,성별,여성,연령,25세,출신 지역,영남 (경상),전직,방송 아나운서,인도적 대북지원,약간 찬성,세금과 복지,증세를 통한 복지 확대,집회 및 시위의 자유 보장,약간 찬성,코로나 대책,방역 중시 (제로 코로나),한미동맹 강화,매우 찬성,탈원전,탈원전 기조 유지,국민의 힘,남성,35세,수도권,방송 아나운서,약간 찬성,증세를 통한 복지 확대,매우 반대,방역 중시 (제로 코로나),약간 반대,탈원전 정책 폐기
2022-05-25 15:09:06,2022-05-25 15:13:40,0,39.7.24.129,100,274,1,2022-05-25 15:13:41,R_2RPMl5Kd2aXJpvs,,,,,37.5794,126.9754,anonymous,KO,1,2,40,4,6,1,4,1,8,5,1,7,5,2,4,7,소속 정당,정의당,성별,여성,연령,55세,출신 지역,호남 (전라),전직,방송 아나운서,코로나 대책,경제 중시 (위드 코로나),인도적 대북지원,매우 찬성,탈원전,탈원전 정책 폐기,세금과 복지,증세를 통한 복지 확대,한미동맹 강화,매우 반대,집회 및 시위의 자유 보장,매우 반대,국민의 힘,여성,25세,수도권,대기업 최고 경영자 (CEO),경제 중시 (위드 코로나),약간 반대,탈원전 기조 유지,증세를 통한 복지 확대,매우 반대,매우 찬성,소속 정당,정의당,성별,여성,연령,65세,출신 지역,영남 (경상),전직,변호사,코로나 대책,방역 중시 (제로 코로나),인도적 대북지원,약간 반대,탈원전,탈원전 기조 유지,세금과 복지,복지 축소를 통한 감세,한미동맹 강화,약간 반대,집회 및 시위의 자유 보장,약간 반대,국민의 힘,여성,45세,호남 (전라),시민단체 활동가,방역 중시 (제로 코로나),약간 찬성,탈원전 기조 유지,복지 축소를 통한 감세,매우 반대,약간 반대,소속 정당,정의당,성별,여성,연령,45세,출신 지역,영남 (경상),전직,검사,코로나 대책,방역 중시 (제로 코로나),인도적 대북지원,매우 반대,탈원전,탈원전 정책 폐기,세금과 복지,복지 축소를 통한 감세,한미동맹 강화,약간 찬성,집회 및 시위의 자유 보장,매우 찬성,정의당,여성,55세,수도권,검사,경제 중시 (위드 코로나),매우 찬성,탈원전 기조 유지,복지 축소를 통한 감세,매우 반대,매우 반대
2022-05-25 15:03:19,2022-05-25 15:14:17,0,124.53.127.34,100,657,1,2022-05-25 15:14:17,R_9WQpIAwSjfmhJkZ,,,,,37.377,127.1091,anonymous,KO,1,1,46,4,1,1,3,2,6,6,2,7,4,2,6,5,소속 정당,국민의 힘,성별,여성,연령,55세,출신 지역,호남 (전라),전직,검사,코로나 대책,경제 중시 (위드 코로나),한미동맹 강화,매우 찬성,인도적 대북지원,약간 반대,집회 및 시위의 자유 보장,약간 반대,세금과 복지,복지 축소를 통한 감세,탈원전,탈원전 정책 폐기,국민의 힘,남성,45세,충청권,대학교수,경제 중시 (위드 코로나),약간 반대,매우 찬성,매우 반대,증세를 통한 복지 확대,탈원전 기조 유지,소속 정당,국민의 힘,성별,여성,연령,65세,출신 지역,충청권,전직,군인,코로나 대책,방역 중시 (제로 코로나),한미동맹 강화,매우 반대,인도적 대북지원,매우 반대,집회 및 시위의 자유 보장,약간 반대,세금과 복지,복지 축소를 통한 감세,탈원전,탈원전 기조 유지,더불어 민주당,여성,35세,수도권,군인,경제 중시 (위드 코로나),약간 찬성,약간 찬성,매우 반대,복지 축소를 통한 감세,탈원전 기조 유지,소속 정당,국민의 힘,성별,남성,연령,65세,출신 지역,영남 (경상),전직,방송 아나운서,코로나 대책,방역 중시 (제로 코로나),한미동맹 강화,약간 찬성,인도적 대북지원,매우 찬성,집회 및 시위의 자유 보장,매우 찬성,세금과 복지,증세를 통한 복지 확대,탈원전,탈원전 정책 폐기,국민의 힘,남성,45세,충청권,대기업 최고 경영자 (CEO),경제 중시 (위드 코로나),약간 찬성,약간 찬성,약간 반대,증세를 통한 복지 확대,탈원전 기조 유지
2022-05-25 15:10:37,2022-05-25 15:16:18,0,118.36.160.185,100,341,1,2022-05-25 15:16:21,R_2fCYeqRBEZrGNBF,,,,,37.5003,126.9565,anonymous,KO,1,1,62,4,1,1,3,2,4,6,2,6,4,1,5,5,소속 정당,국민의 힘,성별,남성,연령,45세,출신 지역,호남 (전라),전직,변호사,탈원전,탈원전 정책 폐기,코로나 대책,경제 중시 (위드 코로나),집회 및 시위의 자유 보장,약간 반대,세금과 복지,복지 축소를 통한 감세,인도적 대북지원,약간 반대,한미동맹 강화,약간 반대,국민의 힘,여성,65세,수도권,대학교수,탈원전 정책 폐기,경제 중시 (위드 코로나),매우 반대,증세를 통한 복지 확대,매우 반대,매우 반대,소속 정당,정의당,성별,여성,연령,45세,출신 지역,영남 (경상),전직,방송 아나운서,탈원전,탈원전 정책 폐기,코로나 대책,경제 중시 (위드 코로나),집회 및 시위의 자유 보장,약간 찬성,세금과 복지,증세를 통한 복지 확대,인도적 대북지원,매우 반대,한미동맹 강화,매우 반대,정의당,남성,55세,호남 (전라),시민단체 활동가,탈원전 기조 유지,방역 중시 (제로 코로나),약간 찬성,증세를 통한 복지 확대,약간 반대,약간 반대,소속 정당,더불어 민주당,성별,여성,연령,55세,출신 지역,영남 (경상),전직,군인,탈원전,탈원전 기조 유지,코로나 대책,방역 중시 (제로 코로나),집회 및 시위의 자유 보장,약간 찬성,세금과 복지,증세를 통한 복지 확대,인도적 대북지원,약간 찬성,한미동맹 강화,매우 반대,더불어 민주당,여성,55세,충청권,방송 아나운서,탈원전 정책 폐기,방역 중시 (제로 코로나),매우 반대,증세를 통한 복지 확대,약간 찬성,매우 반대
2022-05-25 15:10:24,2022-05-25 15:17:35,0,220.118.157.19,100,430,1,2022-05-25 15:17:36,R_31a6QRfcssFY2ZB,,,,,37.5662,126.8309,anonymous,KO,1,1,40,4,1,1,4,1,7,4,2,2,3,1,6,3,소속 정당,국민의 힘,성별,여성,연령,25세,출신 지역,수도권,전직,군인,집회 및 시위의 자유 보장,매우 반대,탈원전,탈원전 정책 폐기,인도적 대북지원,매우 반대,한미동맹 강화,매우 찬성,코로나 대책,경제 중시 (위드 코로나),세금과 복지,증세를 통한 복지 확대,더불어 민주당,남성,25세,수도권,군인,약간 반대,탈원전 기조 유지,매우 반대,매우 찬성,방역 중시 (제로 코로나),증세를 통한 복지 확대,소속 정당,더불어 민주당,성별,남성,연령,55세,출신 지역,충청권,전직,대기업 최고 경영자 (CEO),집회 및 시위의 자유 보장,약간 찬성,탈원전,탈원전 기조 유지,인도적 대북지원,매우 찬성,한미동맹 강화,매우 반대,코로나 대책,방역 중시 (제로 코로나),세금과 복지,복지 축소를 통한 감세,더불어 민주당,여성,55세,호남 (전라),군인,약간 반대,탈원전 기조 유지,매우 반대,약간 반대,방역 중시 (제로 코로나),증세를 통한 복지 확대,소속 정당,국민의 힘,성별,남성,연령,55세,출신 지역,수도권,전직,시민단체 활동가,집회 및 시위의 자유 보장,약간 반대,탈원전,탈원전 정책 폐기,인도적 대북지원,매우 반대,한미동맹 강화,매우 찬성,코로나 대책,방역 중시 (제로 코로나),세금과 복지,복지 축소를 통한 감세,정의당,남성,35세,충청권,시민단체 활동가,약간 찬성,탈원전 정책 폐기,매우 반대,약간 찬성,방역 중시 (제로 코로나),증세를 통한 복지 확대
2022-05-25 15:14:10,2022-05-25 15:18:03,0,121.159.48.95,100,233,1,2022-05-25 15:18:04,R_TaMvca1L0RTbF7P,,,,,36.3733,127.3245,anonymous,KO,1,2,32,4,6,16,3,1,6,4,1,4,6,1,4,5,소속 정당,국민의 힘,성별,남성,연령,55세,출신 지역,충청권,전직,검사,탈원전,탈원전 정책 폐기,집회 및 시위의 자유 보장,약간 찬성,코로나 대책,방역 중시 (제로 코로나),한미동맹 강화,약간 찬성,인도적 대북지원,약간 찬성,세금과 복지,복지 축소를 통한 감세,정의당,남성,25세,충청권,대학교수,탈원전 정책 폐기,매우 반대,경제 중시 (위드 코로나),약간 반대,약간 찬성,증세를 통한 복지 확대,소속 정당,국민의 힘,성별,남성,연령,25세,출신 지역,충청권,전직,대학교수,탈원전,탈원전 기조 유지,집회 및 시위의 자유 보장,매우 찬성,코로나 대책,경제 중시 (위드 코로나),한미동맹 강화,매우 반대,인도적 대북지원,약간 찬성,세금과 복지,증세를 통한 복지 확대,정의당,남성,55세,영남 (경상),검사,탈원전 정책 폐기,약간 찬성,방역 중시 (제로 코로나),약간 찬성,약간 반대,증세를 통한 복지 확대,소속 정당,더불어 민주당,성별,남성,연령,55세,출신 지역,충청권,전직,대기업 최고 경영자 (CEO),탈원전,탈원전 기조 유지,집회 및 시위의 자유 보장,약간 반대,코로나 대책,경제 중시 (위드 코로나),한미동맹 강화,매우 찬성,인도적 대북지원,약간 찬성,세금과 복지,복지 축소를 통한 감세,더불어 민주당,여성,25세,호남 (전라),시민단체 활동가,탈원전 기조 유지,매우 반대,방역 중시 (제로 코로나),약간 반대,매우 찬성,복지 축소를 통한 감세
2022-05-25 15:13:58,2022-05-25 15:18:44,0,125.135.124.3,100,286,1,2022-05-25 15:18:45,R_1nMWAjk6Auels35,,,,,35.5499,129.3294,anonymous,KO,1,2,39,4,1,1,5,1,0,0,2,0,0,1,0,0,소속 정당,국민의 힘,성별,여성,연령,35세,출신 지역,충청권,전직,변호사,집회 및 시위의 자유 보장,매우 반대,탈원전,탈원전 정책 폐기,코로나 대책,방역 중시 (제로 코로나),인도적 대북지원,약간 반대,한미동맹 강화,약간 반대,세금과 복지,복지 축소를 통한 감세,정의당,남성,25세,영남 (경상),시민단체 활동가,약간 찬성,탈원전 정책 폐기,방역 중시 (제로 코로나),매우 찬성,약간 반대,복지 축소를 통한 감세,소속 정당,정의당,성별,여성,연령,35세,출신 지역,호남 (전라),전직,검사,집회 및 시위의 자유 보장,매우 반대,탈원전,탈원전 기조 유지,코로나 대책,방역 중시 (제로 코로나),인도적 대북지원,매우 찬성,한미동맹 강화,매우 반대,세금과 복지,증세를 통한 복지 확대,더불어 민주당,남성,35세,영남 (경상),시민단체 활동가,약간 찬성,탈원전 정책 폐기,방역 중시 (제로 코로나),매우 찬성,약간 찬성,증세를 통한 복지 확대,소속 정당,정의당,성별,남성,연령,35세,출신 지역,영남 (경상),전직,변호사,집회 및 시위의 자유 보장,약간 찬성,탈원전,탈원전 정책 폐기,코로나 대책,방역 중시 (제로 코로나),인도적 대북지원,매우 반대,한미동맹 강화,약간 찬성,세금과 복지,복지 축소를 통한 감세,국민의 힘,여성,55세,수도권,대학교수,약간 찬성,탈원전 정책 폐기,방역 중시 (제로 코로나),약간 찬성,약간 찬성,증세를 통한 복지 확대
